week_start,signal_date,entry_date,exit_date,code,name,signal_mode,quantity,entry_price,exit_price,exit_reason,holding_days,gross_cost,buy_fee,sell_fee,sell_tax,net_proceeds,pnl_krw,pnl_pct
2020-01-06,2020-01-03,2020-01-06,2020-01-06,180640,한진칼,fallback,59,37850.0,39742.5,take_profit,0,2233150.0,0.0,0.0,0.0,2344807.5,111657.5,5.0
2020-01-06,2020-01-03,2020-01-06,2020-01-10,139480,이마트,fallback,19,118500.0,119500.0,friday_liquidation,4,2251500.0,0.0,0.0,0.0,2270500.0,19000.0,0.8439
2020-02-03,2020-01-31,2020-02-03,2020-02-03,090430,아모레퍼시픽,fallback,7,181500.0,190575.0,take_profit,0,1270500.0,0.0,0.0,0.0,1334025.0,63525.0,5.0
2020-02-03,2020-01-31,2020-02-03,2020-02-03,285130,SK케미칼,fallback,34,37096.0,38950.8,take_profit,0,1261264.0,0.0,0.0,0.0,1324327.2,63063.2,5.0
2020-02-03,2020-01-31,2020-02-03,2020-02-05,017960,한국카본,fallback,178,7370.0,7738.5,take_profit,2,1311860.0,0.0,0.0,0.0,1377453.0,65593.0,5.0
2020-02-03,2020-01-31,2020-02-03,2020-02-03,006280,녹십자,fallback,11,119500.0,125475.0,take_profit,0,1314500.0,0.0,0.0,0.0,1380225.0,65725.0,5.0
2020-02-03,2020-01-31,2020-02-03,2020-02-04,267260,HD현대일렉트릭,fallback,139,9540.0,10017.0,take_profit,1,1326060.0,0.0,0.0,0.0,1392363.0,66303.0,5.0
2020-02-24,2020-02-21,2020-02-24,2020-02-28,207940,삼성바이오로직스,fallback,1,683623.0,674169.0,friday_liquidation,4,683623.0,0.0,0.0,0.0,674169.0,-9454.0,-1.3829
2020-02-24,2020-02-21,2020-02-24,2020-02-24,003670,포스코퓨처엠,fallback,18,51856.0,54448.8,take_profit,0,933408.0,0.0,0.0,0.0,980078.4,46670.4,5.0
2020-02-24,2020-02-21,2020-02-24,2020-02-28,008770,호텔신라,fallback,11,84700.0,80465.0,stop_loss,4,931700.0,0.0,0.0,0.0,885115.0,-46585.0,-5.0
2020-02-24,2020-02-21,2020-02-24,2020-02-28,093370,후성,fallback,126,7617.0,7128.0,stop_loss_gap_open,4,959742.0,0.0,0.0,0.0,898128.0,-61614.0,-6.4199
2020-02-24,2020-02-21,2020-02-24,2020-02-25,002380,KCC,fallback,5,191500.0,181925.0,stop_loss,1,957500.0,0.0,0.0,0.0,909625.0,-47875.0,-5.0
2020-02-24,2020-02-21,2020-02-24,2020-02-28,298020,효성티앤씨,fallback,6,156500.0,148675.0,stop_loss,4,939000.0,0.0,0.0,0.0,892050.0,-46950.0,-5.0
2020-02-24,2020-02-21,2020-02-24,2020-02-28,204320,HL만도,fallback,31,31850.0,30257.5,stop_loss,4,987350.0,0.0,0.0,0.0,937982.5,-49367.5,-5.0
2020-02-24,2020-02-21,2020-02-24,2020-02-28,009240,한샘,fallback,15,64000.0,64000.0,friday_liquidation,4,960000.0,0.0,0.0,0.0,960000.0,0.0,0.0
2020-02-24,2020-02-21,2020-02-24,2020-02-28,064350,현대로템,fallback,72,14000.0,13300.0,stop_loss,4,1008000.0,0.0,0.0,0.0,957600.0,-50400.0,-5.0
2020-02-24,2020-02-21,2020-02-24,2020-02-27,018260,삼성에스디에스,fallback,5,185500.0,176225.0,stop_loss,3,927500.0,0.0,0.0,0.0,881125.0,-46375.0,-5.0
2020-03-02,2020-02-28,2020-03-02,2020-03-06,032640,LG유플러스,fallback,80,12800.0,13300.0,friday_liquidation,4,1024000.0,0.0,0.0,0.0,1064000.0,40000.0,3.9062
2020-03-09,2020-03-06,2020-03-09,2020-03-12,005930,삼성전자,fallback,20,54700.0,51000.0,stop_loss_gap_open,3,1094000.0,0.0,0.0,0.0,1020000.0,-74000.0,-6.7642
2020-03-09,2020-03-06,2020-03-09,2020-03-12,000660,SK하이닉스,fallback,12,89500.0,83800.0,stop_loss_gap_open,3,1074000.0,0.0,0.0,0.0,1005600.0,-68400.0,-6.3687
2020-03-09,2020-03-06,2020-03-09,2020-03-11,009150,삼성전기,fallback,9,127500.0,121125.0,stop_loss,2,1147500.0,0.0,0.0,0.0,1090125.0,-57375.0,-5.0
2020-03-09,2020-03-06,2020-03-09,2020-03-12,028260,삼성물산,fallback,11,104500.0,99275.0,stop_loss,3,1149500.0,0.0,0.0,0.0,1092025.0,-57475.0,-5.0
2020-03-09,2020-03-06,2020-03-09,2020-03-09,011070,LG이노텍,fallback,8,131500.0,124925.0,stop_loss,0,1052000.0,0.0,0.0,0.0,999400.0,-52600.0,-5.0
2020-03-09,2020-03-06,2020-03-09,2020-03-09,017960,한국카본,fallback,158,7680.0,7296.0,stop_loss,0,1213440.0,0.0,0.0,0.0,1152768.0,-60672.0,-5.0
2020-03-09,2020-03-06,2020-03-09,2020-03-12,009240,한샘,fallback,19,63200.0,60040.0,stop_loss,3,1200800.0,0.0,0.0,0.0,1140760.0,-60040.0,-5.0
2020-03-16,2020-03-13,2020-03-16,2020-03-16,207940,삼성바이오로직스,fallback,4,644000.0,676200.0,take_profit,0,2576000.0,0.0,0.0,0.0,2704800.0,128800.0,5.0
2020-05-18,2020-05-15,2020-05-18,2020-05-19,000150,두산,fallback,28,34650.0,36382.5,take_profit,1,970200.0,0.0,0.0,0.0,1018710.0,48510.0,5.0
2020-05-25,2020-05-22,2020-05-25,2020-05-28,069960,현대백화점,fallback,14,64400.0,67700.0,take_profit_gap_open,3,901600.0,0.0,0.0,0.0,947800.0,46200.0,5.1242
2020-06-15,2020-06-12,2020-06-15,2020-06-19,017670,SK텔레콤,fallback,25,34850.0,35542.0,friday_liquidation,4,871250.0,0.0,0.0,0.0,888550.0,17300.0,1.9857
2020-06-15,2020-06-12,2020-06-15,2020-06-19,010950,S-Oil,fallback,13,67000.0,67900.0,friday_liquidation,4,871000.0,0.0,0.0,0.0,882700.0,11700.0,1.3433
2020-06-15,2020-06-12,2020-06-15,2020-06-15,204320,HL만도,fallback,36,24700.0,23465.0,stop_loss,0,889200.0,0.0,0.0,0.0,844740.0,-44460.0,-5.0
2020-06-15,2020-06-12,2020-06-15,2020-06-19,008770,호텔신라,fallback,12,74300.0,72000.0,friday_liquidation,4,891600.0,0.0,0.0,0.0,864000.0,-27600.0,-3.0956
2020-06-15,2020-06-12,2020-06-15,2020-06-19,015760,한국전력,fallback,44,20500.0,20300.0,friday_liquidation,4,902000.0,0.0,0.0,0.0,893200.0,-8800.0,-0.9756
2020-06-15,2020-06-12,2020-06-15,2020-06-16,047050,포스코인터내셔널,fallback,65,13900.0,14595.0,take_profit,1,903500.0,0.0,0.0,0.0,948675.0,45175.0,5.0
2020-06-15,2020-06-12,2020-06-15,2020-06-16,036460,한국가스공사,fallback,33,26900.0,28245.0,take_profit,1,887700.0,0.0,0.0,0.0,932085.0,44385.0,5.0
2020-06-15,2020-06-12,2020-06-15,2020-06-19,030200,KT,fallback,39,23050.0,23650.0,friday_liquidation,4,898950.0,0.0,0.0,0.0,922350.0,23400.0,2.603
2020-06-15,2020-06-12,2020-06-15,2020-06-15,000810,삼성화재,fallback,5,178000.0,186900.0,take_profit,0,890000.0,0.0,0.0,0.0,934500.0,44500.0,5.0
2020-06-29,2020-06-26,2020-06-29,2020-07-03,069260,TKG휴켐스,fallback,286,15850.0,16300.0,friday_liquidation,4,4533100.0,0.0,0.0,0.0,4661800.0,128700.0,2.8391
2020-06-29,2020-06-26,2020-06-29,2020-06-30,047040,대우건설,fallback,1390,3265.0,3428.25,take_profit,1,4538350.0,0.0,0.0,0.0,4765267.5,226917.5,5.0
2020-07-06,2020-07-03,2020-07-06,2020-07-09,034730,SK,fallback,11,263500.0,250325.0,stop_loss,3,2898500.0,0.0,0.0,0.0,2753575.0,-144925.0,-5.0
2020-07-06,2020-07-03,2020-07-06,2020-07-06,003090,대웅,fallback,137,24300.0,25515.0,take_profit,0,3329100.0,0.0,0.0,0.0,3495555.0,166455.0,5.0
2020-08-10,2020-08-07,2020-08-10,2020-08-11,001440,대한전선,fallback,512,6220.0,6531.0,take_profit,1,3184640.0,0.0,0.0,0.0,3343872.0,159232.0,5.0
2020-08-18,2020-08-14,2020-08-18,2020-08-21,000080,하이트진로,fallback,119,40100.0,38095.0,stop_loss,3,4771900.0,0.0,0.0,0.0,4533305.0,-238595.0,-5.0
2020-08-18,2020-08-14,2020-08-18,2020-08-18,042700,한미반도체,fallback,897,5330.0,5063.5,stop_loss,0,4781010.0,0.0,0.0,0.0,4541959.5,-239050.5,-5.0
2020-09-21,2020-09-18,2020-09-21,2020-09-24,111770,영원무역,fallback,160,28500.0,27075.0,stop_loss,3,4560000.0,0.0,0.0,0.0,4332000.0,-228000.0,-5.0
2020-10-19,2020-10-16,2020-10-19,2020-10-21,112610,씨에스윈드,fallback,19,47600.0,50295.0,take_profit_gap_open,2,904400.0,0.0,0.0,0.0,955605.0,51205.0,5.6618
2020-10-26,2020-10-23,2020-10-26,2020-10-28,035720,카카오,fallback,34,66100.0,69405.0,take_profit,2,2247400.0,0.0,0.0,0.0,2359770.0,112370.0,5.0
2020-10-26,2020-10-23,2020-10-26,2020-10-27,298040,효성중공업,fallback,39,56700.0,53400.0,stop_loss_gap_open,1,2211300.0,0.0,0.0,0.0,2082600.0,-128700.0,-5.8201
2020-11-02,2020-10-30,2020-11-02,2020-11-02,051910,LG화학,fallback,1,592000.0,621600.0,take_profit,0,592000.0,0.0,0.0,0.0,621600.0,29600.0,5.0
2020-11-30,2020-11-27,2020-11-30,2020-12-04,001450,현대해상,fallback,133,22500.0,23350.0,friday_liquidation,4,2992500.0,0.0,0.0,0.0,3105550.0,113050.0,3.7778
2020-12-07,2020-12-04,2020-12-07,2020-12-11,285130,SK케미칼,fallback,5,253500.0,255538.0,friday_liquidation,4,1267500.0,0.0,0.0,0.0,1277690.0,10190.0,0.8039
2020-12-07,2020-12-04,2020-12-07,2020-12-09,011780,금호석유화학,fallback,9,133000.0,140000.0,take_profit_gap_open,2,1197000.0,0.0,0.0,0.0,1260000.0,63000.0,5.2632
2020-12-07,2020-12-04,2020-12-07,2020-12-11,014820,동원시스템즈,fallback,47,28800.0,30240.0,take_profit,4,1353600.0,0.0,0.0,0.0,1421280.0,67680.0,5.0
2020-12-07,2020-12-04,2020-12-07,2020-12-10,241560,두산밥캣,fallback,48,29000.0,30450.0,take_profit,3,1392000.0,0.0,0.0,0.0,1461600.0,69600.0,5.0
2021-01-11,2021-01-08,2021-01-11,2021-01-15,082740,한화엔진,fallback,1476,6280.0,6323.0,friday_liquidation,4,9269280.0,0.0,0.0,0.0,9332748.0,63468.0,0.6847
2021-01-18,2021-01-15,2021-01-18,2021-01-18,068270,셀트리온,fallback,5,264500.0,277725.0,take_profit,0,1322500.0,0.0,0.0,0.0,1388625.0,66125.0,5.0
2021-01-18,2021-01-15,2021-01-18,2021-01-19,112610,씨에스윈드,fallback,20,77795.0,81684.75,take_profit,1,1555900.0,0.0,0.0,0.0,1633695.0,77795.0,5.0
2021-01-18,2021-01-15,2021-01-18,2021-01-22,017960,한국카본,fallback,129,12500.0,12650.0,friday_liquidation,4,1612500.0,0.0,0.0,0.0,1631850.0,19350.0,1.2
2021-01-18,2021-01-15,2021-01-18,2021-01-20,001570,금양,fallback,278,5820.0,6111.0,take_profit,2,1617960.0,0.0,0.0,0.0,1698858.0,80898.0,5.0
2021-01-18,2021-01-15,2021-01-18,2021-01-22,052690,한전기술,fallback,98,16500.0,17325.0,take_profit,4,1617000.0,0.0,0.0,0.0,1697850.0,80850.0,5.0
2021-02-01,2021-01-29,2021-02-01,2021-02-02,018260,삼성에스디에스,fallback,5,189500.0,198975.0,take_profit,1,947500.0,0.0,0.0,0.0,994875.0,47375.0,5.0
2021-02-01,2021-01-29,2021-02-01,2021-02-01,204320,HL만도,fallback,15,67100.0,70455.0,take_profit,0,1006500.0,0.0,0.0,0.0,1056825.0,50325.0,5.0
2021-02-08,2021-02-05,2021-02-08,2021-02-09,307950,현대오토에버,fallback,79,121000.0,127050.0,take_profit,1,9559000.0,0.0,0.0,0.0,10036950.0,477950.0,5.0
2021-02-22,2021-02-19,2021-02-22,2021-02-23,006280,녹십자,fallback,8,379500.0,360525.0,stop_loss,1,3036000.0,0.0,0.0,0.0,2884200.0,-151800.0,-5.0
2021-02-22,2021-02-19,2021-02-22,2021-02-24,093370,후성,fallback,338,10500.0,9975.0,stop_loss,2,3549000.0,0.0,0.0,0.0,3371550.0,-177450.0,-5.0
2021-03-08,2021-03-05,2021-03-08,2021-03-09,096770,SK이노베이션,fallback,4,240500.0,228475.0,stop_loss,1,962000.0,0.0,0.0,0.0,913900.0,-48100.0,-5.0
2021-03-08,2021-03-05,2021-03-08,2021-03-09,034730,SK,fallback,3,257500.0,244625.0,stop_loss,1,772500.0,0.0,0.0,0.0,733875.0,-38625.0,-5.0
2021-03-22,2021-03-19,2021-03-22,2021-03-26,051910,LG화학,fallback,2,805000.0,802000.0,friday_liquidation,4,1610000.0,0.0,0.0,0.0,1604000.0,-6000.0,-0.3727
2021-03-22,2021-03-19,2021-03-22,2021-03-22,010060,OCI홀딩스,fallback,23,89000.0,93450.0,take_profit,0,2047000.0,0.0,0.0,0.0,2149350.0,102350.0,5.0
2021-03-29,2021-03-26,2021-03-29,2021-03-30,047050,포스코인터내셔널,fallback,252,19800.0,20790.0,take_profit,1,4989600.0,0.0,0.0,0.0,5239080.0,249480.0,5.0
2021-04-26,2021-04-23,2021-04-26,2021-04-30,011210,현대위아,fallback,29,71100.0,69600.0,friday_liquidation,4,2061900.0,0.0,0.0,0.0,2018400.0,-43500.0,-2.1097
2021-05-03,2021-04-30,2021-05-03,2021-05-06,011790,SKC,fallback,8,123000.0,129150.0,take_profit,3,984000.0,0.0,0.0,0.0,1033200.0,49200.0,5.0
2021-05-03,2021-04-30,2021-05-03,2021-05-07,251270,넷마블,fallback,8,125500.0,130500.0,friday_liquidation,4,1004000.0,0.0,0.0,0.0,1044000.0,40000.0,3.9841
2021-05-03,2021-04-30,2021-05-03,2021-05-07,011070,LG이노텍,fallback,6,194500.0,201000.0,friday_liquidation,4,1167000.0,0.0,0.0,0.0,1206000.0,39000.0,3.3419
2021-05-24,2021-05-21,2021-05-24,2021-05-28,006260,LS,fallback,25,67300.0,68600.0,friday_liquidation,4,1682500.0,0.0,0.0,0.0,1715000.0,32500.0,1.9316
2021-06-21,2021-06-18,2021-06-21,2021-06-22,001430,세아베스틸지주,fallback,58,29150.0,30607.5,take_profit,1,1690700.0,0.0,0.0,0.0,1775235.0,84535.0,5.0
2021-06-21,2021-06-18,2021-06-21,2021-06-25,138930,BNK금융지주,fallback,233,7370.0,7738.5,take_profit,4,1717210.0,0.0,0.0,0.0,1803070.5,85860.5,5.0
2021-07-19,2021-07-16,2021-07-19,2021-07-19,001440,대한전선,fallback,113,23050.0,24202.5,take_profit,0,2604650.0,0.0,0.0,0.0,2734882.5,130232.5,5.0
2021-07-26,2021-07-23,2021-07-26,2021-07-30,051900,LG생활건강,fallback,2,1481000.0,1459000.0,friday_liquidation,4,2962000.0,0.0,0.0,0.0,2918000.0,-44000.0,-1.4855
2021-08-09,2021-08-06,2021-08-09,2021-08-13,000120,CJ대한통운,fallback,31,170000.0,165500.0,friday_liquidation,4,5270000.0,0.0,0.0,0.0,5130500.0,-139500.0,-2.6471
2021-08-17,2021-08-13,2021-08-17,2021-08-20,009150,삼성전기,fallback,5,174000.0,165300.0,stop_loss,3,870000.0,0.0,0.0,0.0,826500.0,-43500.0,-5.0
2021-08-17,2021-08-13,2021-08-17,2021-08-20,298020,효성티앤씨,fallback,1,759000.0,721050.0,stop_loss,3,759000.0,0.0,0.0,0.0,721050.0,-37950.0,-5.0
2021-08-17,2021-08-13,2021-08-17,2021-08-20,042700,한미반도체,fallback,66,16550.0,16050.0,friday_liquidation,3,1092300.0,0.0,0.0,0.0,1059300.0,-33000.0,-3.0211
2021-08-17,2021-08-13,2021-08-17,2021-08-19,112610,씨에스윈드,fallback,14,77600.0,73720.0,stop_loss,2,1086400.0,0.0,0.0,0.0,1032080.0,-54320.0,-5.0
2021-08-17,2021-08-13,2021-08-17,2021-08-20,004000,롯데정밀화학,fallback,16,65700.0,64100.0,friday_liquidation,3,1051200.0,0.0,0.0,0.0,1025600.0,-25600.0,-2.4353
2021-08-17,2021-08-13,2021-08-17,2021-08-19,000150,두산,fallback,12,90500.0,85975.0,stop_loss,2,1086000.0,0.0,0.0,0.0,1031700.0,-54300.0,-5.0
2021-08-17,2021-08-13,2021-08-17,2021-08-19,052690,한전기술,fallback,24,46700.0,44365.0,stop_loss,2,1120800.0,0.0,0.0,0.0,1064760.0,-56040.0,-5.0
2021-09-23,2021-09-17,2021-09-23,2021-09-24,302440,SK바이오사이언스,fallback,37,259000.0,271950.0,take_profit,1,9583000.0,0.0,0.0,0.0,10062150.0,479150.0,5.0
2021-10-05,2021-10-01,2021-10-05,2021-10-08,002380,KCC,fallback,2,387500.0,377500.0,friday_liquidation,3,775000.0,0.0,0.0,0.0,755000.0,-20000.0,-2.5806
2021-10-05,2021-10-01,2021-10-05,2021-10-08,298040,효성중공업,fallback,15,70200.0,74700.0,take_profit_gap_open,3,1053000.0,0.0,0.0,0.0,1120500.0,67500.0,6.4103
2021-10-05,2021-10-01,2021-10-05,2021-10-06,005420,코스모화학,fallback,74,15100.0,14345.0,stop_loss,1,1117400.0,0.0,0.0,0.0,1061530.0,-55870.0,-5.0
2021-10-05,2021-10-01,2021-10-05,2021-10-06,009240,한샘,fallback,10,110500.0,104975.0,stop_loss,1,1105000.0,0.0,0.0,0.0,1049750.0,-55250.0,-5.0
2021-10-05,2021-10-01,2021-10-05,2021-10-05,006280,녹십자,fallback,3,314000.0,298300.0,stop_loss,0,942000.0,0.0,0.0,0.0,894900.0,-47100.0,-5.0
2021-10-12,2021-10-08,2021-10-12,2021-10-13,003030,세아제강지주,fallback,14,120500.0,126525.0,take_profit,1,1687000.0,0.0,0.0,0.0,1771350.0,84350.0,5.0
2021-10-12,2021-10-08,2021-10-12,2021-10-13,052690,한전기술,fallback,42,44050.0,46252.5,take_profit,1,1850100.0,0.0,0.0,0.0,1942605.0,92505.0,5.0
2021-11-01,2021-10-29,2021-11-01,2021-11-05,008730,율촌화학,fallback,87,21300.0,21050.0,friday_liquidation,4,1853100.0,0.0,0.0,0.0,1831350.0,-21750.0,-1.1737
2021-11-01,2021-10-29,2021-11-01,2021-11-01,005420,코스모화학,fallback,146,12900.0,13545.0,take_profit,0,1883400.0,0.0,0.0,0.0,1977570.0,94170.0,5.0
2021-11-22,2021-11-19,2021-11-22,2021-11-22,192080,더블유게임즈,fallback,43,52700.0,50065.0,stop_loss,0,2266100.0,0.0,0.0,0.0,2152795.0,-113305.0,-5.0
2021-11-29,2021-11-26,2021-11-29,2021-11-29,352820,하이브,fallback,3,360500.0,378525.0,take_profit,0,1081500.0,0.0,0.0,0.0,1135575.0,54075.0,5.0
2021-11-29,2021-11-26,2021-11-29,2021-12-03,316140,우리금융지주,fallback,93,12400.0,12750.0,friday_liquidation,4,1153200.0,0.0,0.0,0.0,1185750.0,32550.0,2.8226
2021-11-29,2021-11-26,2021-11-29,2021-11-29,000150,두산,fallback,10,113500.0,107825.0,stop_loss,0,1135000.0,0.0,0.0,0.0,1078250.0,-56750.0,-5.0
2021-11-29,2021-11-26,2021-11-29,2021-12-01,026960,동서,fallback,36,32300.0,30685.0,stop_loss,2,1162800.0,0.0,0.0,0.0,1104660.0,-58140.0,-5.0
2021-11-29,2021-11-26,2021-11-29,2021-11-29,307950,현대오토에버,fallback,11,107000.0,112350.0,take_profit,0,1177000.0,0.0,0.0,0.0,1235850.0,58850.0,5.0
2021-11-29,2021-11-26,2021-11-29,2021-12-03,042660,한화오션,fallback,56,20877.0,21499.0,friday_liquidation,4,1169112.0,0.0,0.0,0.0,1203944.0,34832.0,2.9794
2021-11-29,2021-11-26,2021-11-29,2021-11-29,014680,한솔케미칼,fallback,4,295000.0,309750.0,take_profit,0,1180000.0,0.0,0.0,0.0,1239000.0,59000.0,5.0
2021-11-29,2021-11-26,2021-11-29,2021-12-03,139130,iM금융지주,fallback,132,9060.0,9513.0,take_profit,4,1195920.0,0.0,0.0,0.0,1255716.0,59796.0,5.0
2021-12-13,2021-12-10,2021-12-13,2021-12-17,052690,한전기술,fallback,31,86100.0,90405.0,take_profit,4,2669100.0,0.0,0.0,0.0,2802555.0,133455.0,5.0
2021-12-20,2021-12-17,2021-12-20,2021-12-22,005850,에스엘,fallback,192,28650.0,30082.5,take_profit,2,5500800.0,0.0,0.0,0.0,5775840.0,275040.0,5.0
2021-12-27,2021-12-24,2021-12-27,2021-12-28,302440,SK바이오사이언스,fallback,47,231500.0,219925.0,stop_loss,1,10880500.0,0.0,0.0,0.0,10336475.0,-544025.0,-5.0
2022-01-24,2022-01-21,2022-01-24,2022-01-27,034220,LG디스플레이,fallback,59,19850.0,18857.5,stop_loss,3,1171150.0,0.0,0.0,0.0,1112592.5,-58557.5,-5.0
2022-01-24,2022-01-21,2022-01-24,2022-01-27,079550,LIG디펜스앤에어로스페이스,fallback,19,61700.0,58615.0,stop_loss,3,1172300.0,0.0,0.0,0.0,1113685.0,-58615.0,-5.0
2022-01-24,2022-01-21,2022-01-24,2022-01-27,082740,한화엔진,fallback,178,6740.0,6403.0,stop_loss,3,1199720.0,0.0,0.0,0.0,1139734.0,-59986.0,-5.0
2022-01-24,2022-01-21,2022-01-24,2022-01-26,383220,F&F,fallback,7,170000.0,161500.0,stop_loss,2,1190000.0,0.0,0.0,0.0,1130500.0,-59500.0,-5.0
2022-02-14,2022-02-11,2022-02-14,2022-02-14,007340,DN오토모티브,fallback,83,12950.0,12302.5,stop_loss,0,1074850.0,0.0,0.0,0.0,1021107.5,-53742.5,-5.0
2022-02-14,2022-02-11,2022-02-14,2022-02-15,042700,한미반도체,fallback,63,17000.0,16150.0,stop_loss,1,1071000.0,0.0,0.0,0.0,1017450.0,-53550.0,-5.0
2022-02-14,2022-02-11,2022-02-14,2022-02-14,079550,LIG디펜스앤에어로스페이스,fallback,18,58300.0,61215.0,take_profit,0,1049400.0,0.0,0.0,0.0,1101870.0,52470.0,5.0
2022-02-14,2022-02-11,2022-02-14,2022-02-18,012450,한화에어로스페이스,fallback,23,47100.0,48131.0,friday_liquidation,4,1083300.0,0.0,0.0,0.0,1107013.0,23713.0,2.189
2022-02-14,2022-02-11,2022-02-14,2022-02-17,375500,DL이앤씨,fallback,19,55600.0,58380.0,take_profit,3,1056400.0,0.0,0.0,0.0,1109220.0,52820.0,5.0
2022-03-07,2022-03-04,2022-03-07,2022-03-11,003230,삼양식품,fallback,122,84400.0,86300.0,friday_liquidation,4,10296800.0,0.0,0.0,0.0,10528600.0,231800.0,2.2512
2022-04-11,2022-04-08,2022-04-11,2022-04-15,375500,DL이앤씨,fallback,86,61100.0,59300.0,friday_liquidation,4,5254600.0,0.0,0.0,0.0,5099800.0,-154800.0,-2.946
2022-04-18,2022-04-15,2022-04-18,2022-04-22,010060,OCI홀딩스,fallback,22,78600.0,80658.0,friday_liquidation,4,1729200.0,0.0,0.0,0.0,1774476.0,45276.0,2.6183
2022-04-18,2022-04-15,2022-04-18,2022-04-19,009240,한샘,fallback,22,76600.0,80430.0,take_profit,1,1685200.0,0.0,0.0,0.0,1769460.0,84260.0,5.0
2022-04-25,2022-04-22,2022-04-25,2022-04-27,042700,한미반도체,fallback,170,16050.0,15150.0,stop_loss_gap_open,2,2728500.0,0.0,0.0,0.0,2575500.0,-153000.0,-5.6075
2022-04-25,2022-04-22,2022-04-25,2022-04-29,051600,한전KPS,fallback,74,36650.0,38482.5,take_profit,4,2712100.0,0.0,0.0,0.0,2847705.0,135605.0,5.0
2022-05-09,2022-05-06,2022-05-09,2022-05-11,066970,엘앤에프,fallback,4,216000.0,226800.0,take_profit,2,864000.0,0.0,0.0,0.0,907200.0,43200.0,5.0
2022-05-09,2022-05-06,2022-05-09,2022-05-13,009970,영원무역홀딩스,fallback,22,48550.0,50900.0,friday_liquidation,4,1068100.0,0.0,0.0,0.0,1119800.0,51700.0,4.8404
2022-05-09,2022-05-06,2022-05-09,2022-05-10,361610,SK아이이테크놀로지,fallback,9,117000.0,111150.0,stop_loss,1,1053000.0,0.0,0.0,0.0,1000350.0,-52650.0,-5.0
2022-05-09,2022-05-06,2022-05-09,2022-05-10,007660,이수페타시스,fallback,151,7210.0,6849.5,stop_loss,1,1088710.0,0.0,0.0,0.0,1034274.5,-54435.5,-5.0
2022-05-09,2022-05-06,2022-05-09,2022-05-13,004490,세방전지,fallback,15,68400.0,69000.0,friday_liquidation,4,1026000.0,0.0,0.0,0.0,1035000.0,9000.0,0.8772
2022-05-09,2022-05-06,2022-05-09,2022-05-10,111770,영원무역,fallback,25,44550.0,46777.5,take_profit,1,1113750.0,0.0,0.0,0.0,1169437.5,55687.5,5.0
2022-06-13,2022-06-10,2022-06-13,2022-06-13,066970,엘앤에프,fallback,9,229000.0,240450.0,take_profit,0,2061000.0,0.0,0.0,0.0,2164050.0,103050.0,5.0
2022-06-13,2022-06-10,2022-06-13,2022-06-17,028670,팬오션,fallback,312,6770.0,6431.5,stop_loss,4,2112240.0,0.0,0.0,0.0,2006628.0,-105612.0,-5.0
2022-06-13,2022-06-10,2022-06-13,2022-06-15,086280,현대글로비스,fallback,22,94800.0,99540.0,take_profit,2,2085600.0,0.0,0.0,0.0,2189880.0,104280.0,5.0
2022-06-13,2022-06-10,2022-06-13,2022-06-15,008930,한미사이언스,fallback,50,43200.0,41040.0,stop_loss,2,2160000.0,0.0,0.0,0.0,2052000.0,-108000.0,-5.0
2022-06-20,2022-06-17,2022-06-20,2022-06-22,093370,후성,fallback,134,19500.0,18525.0,stop_loss,2,2613000.0,0.0,0.0,0.0,2482350.0,-130650.0,-5.0
2022-06-20,2022-06-17,2022-06-20,2022-06-22,047050,포스코인터내셔널,fallback,122,21800.0,20710.0,stop_loss,2,2659600.0,0.0,0.0,0.0,2526620.0,-132980.0,-5.0
2022-06-20,2022-06-17,2022-06-20,2022-06-22,009970,영원무역홀딩스,fallback,54,49350.0,46882.5,stop_loss,2,2664900.0,0.0,0.0,0.0,2531655.0,-133245.0,-5.0
2022-07-04,2022-07-01,2022-07-04,2022-07-04,001570,금양,fallback,560,4550.0,4800.0,take_profit_gap_open,0,2548000.0,0.0,0.0,0.0,2688000.0,140000.0,5.4945
2022-07-04,2022-07-01,2022-07-04,2022-07-05,005420,코스모화학,fallback,180,14100.0,14805.0,take_profit,1,2538000.0,0.0,0.0,0.0,2664900.0,126900.0,5.0
2022-07-04,2022-07-01,2022-07-04,2022-07-05,267250,HD현대,fallback,45,56200.0,53390.0,stop_loss,1,2529000.0,0.0,0.0,0.0,2402550.0,-126450.0,-5.0
2022-07-18,2022-07-15,2022-07-18,2022-07-18,009830,한화솔루션,fallback,282,36500.0,38325.0,take_profit,0,10293000.0,0.0,0.0,0.0,10807650.0,514650.0,5.0
2022-08-01,2022-07-29,2022-08-01,2022-08-02,302440,SK바이오사이언스,fallback,91,118000.0,123900.0,take_profit,1,10738000.0,0.0,0.0,0.0,11274900.0,536900.0,5.0
2022-08-22,2022-08-19,2022-08-22,2022-08-24,007660,이수페타시스,fallback,875,6460.0,6137.0,stop_loss,2,5652500.0,0.0,0.0,0.0,5369875.0,-282625.0,-5.0
2022-08-29,2022-08-26,2022-08-29,2022-09-02,068270,셀트리온,fallback,14,153728.0,155839.0,friday_liquidation,4,2152192.0,0.0,0.0,0.0,2181746.0,29554.0,1.3732
2022-08-29,2022-08-26,2022-08-29,2022-08-30,066970,엘앤에프,fallback,9,220000.0,231000.0,take_profit,1,1980000.0,0.0,0.0,0.0,2079000.0,99000.0,5.0
2022-08-29,2022-08-26,2022-08-29,2022-09-02,383220,F&F,fallback,16,137500.0,139000.0,friday_liquidation,4,2200000.0,0.0,0.0,0.0,2224000.0,24000.0,1.0909
2022-08-29,2022-08-26,2022-08-29,2022-09-02,302440,SK바이오사이언스,fallback,21,110500.0,111000.0,friday_liquidation,4,2320500.0,0.0,0.0,0.0,2331000.0,10500.0,0.4525
2022-09-19,2022-09-16,2022-09-19,2022-09-22,298040,효성중공업,fallback,18,61600.0,64680.0,take_profit,3,1108800.0,0.0,0.0,0.0,1164240.0,55440.0,5.0
2022-09-19,2022-09-16,2022-09-19,2022-09-21,003030,세아제강지주,fallback,7,146000.0,153300.0,take_profit,2,1022000.0,0.0,0.0,0.0,1073100.0,51100.0,5.0
2022-09-19,2022-09-16,2022-09-19,2022-09-20,006260,LS,fallback,19,61400.0,64470.0,take_profit,1,1166600.0,0.0,0.0,0.0,1224930.0,58330.0,5.0
2022-09-19,2022-09-16,2022-09-19,2022-09-23,010120,LS ELECTRIC,fallback,117,10100.0,9940.0,friday_liquidation,4,1181700.0,0.0,0.0,0.0,1162980.0,-18720.0,-1.5842
2022-09-26,2022-09-23,2022-09-26,2022-09-26,064350,현대로템,fallback,42,26300.0,27615.0,take_profit,0,1104600.0,0.0,0.0,0.0,1159830.0,55230.0,5.0
2022-09-26,2022-09-23,2022-09-26,2022-09-30,373220,LG에너지솔루션,fallback,2,446500.0,424175.0,stop_loss,4,893000.0,0.0,0.0,0.0,848350.0,-44650.0,-5.0
2022-09-26,2022-09-23,2022-09-26,2022-09-30,009830,한화솔루션,fallback,20,56700.0,53865.0,stop_loss,4,1134000.0,0.0,0.0,0.0,1077300.0,-56700.0,-5.0
2022-09-26,2022-09-23,2022-09-26,2022-09-28,051910,LG화학,fallback,1,585000.0,555750.0,stop_loss,2,585000.0,0.0,0.0,0.0,555750.0,-29250.0,-5.0
2022-09-26,2022-09-23,2022-09-26,2022-09-26,012450,한화에어로스페이스,fallback,17,73200.0,69540.0,stop_loss,0,1244400.0,0.0,0.0,0.0,1182180.0,-62220.0,-5.0
2022-09-26,2022-09-23,2022-09-26,2022-09-27,003490,대한항공,fallback,54,23350.0,22182.5,stop_loss,1,1260900.0,0.0,0.0,0.0,1197855.0,-63045.0,-5.0
2022-09-26,2022-09-23,2022-09-26,2022-09-26,047810,한국항공우주,fallback,26,48000.0,50400.0,take_profit,0,1248000.0,0.0,0.0,0.0,1310400.0,62400.0,5.0
2022-09-26,2022-09-23,2022-09-26,2022-09-27,034230,파라다이스,fallback,83,15150.0,15907.5,take_profit,1,1257450.0,0.0,0.0,0.0,1320322.5,62872.5,5.0
2022-09-26,2022-09-23,2022-09-26,2022-09-30,079550,LIG디펜스앤에어로스페이스,fallback,13,91400.0,90300.0,friday_liquidation,4,1188200.0,0.0,0.0,0.0,1173900.0,-14300.0,-1.2035
2022-09-26,2022-09-23,2022-09-26,2022-09-28,005850,에스엘,fallback,39,34500.0,32775.0,stop_loss,2,1345500.0,0.0,0.0,0.0,1278225.0,-67275.0,-5.0
2022-10-11,2022-10-07,2022-10-11,2022-10-12,009830,한화솔루션,fallback,22,54000.0,56700.0,take_profit,1,1188000.0,0.0,0.0,0.0,1247400.0,59400.0,5.0
2022-10-11,2022-10-07,2022-10-11,2022-10-11,012450,한화에어로스페이스,fallback,21,58600.0,61530.0,take_profit,0,1230600.0,0.0,0.0,0.0,1292130.0,61530.0,5.0
2022-10-11,2022-10-07,2022-10-11,2022-10-14,064350,현대로템,fallback,50,24400.0,24200.0,friday_liquidation,3,1220000.0,0.0,0.0,0.0,1210000.0,-10000.0,-0.8197
2022-10-11,2022-10-07,2022-10-11,2022-10-11,298040,효성중공업,fallback,20,60200.0,57190.0,stop_loss,0,1204000.0,0.0,0.0,0.0,1143800.0,-60200.0,-5.0
2022-10-11,2022-10-07,2022-10-11,2022-10-13,008730,율촌화학,fallback,43,29100.0,27645.0,stop_loss,2,1251300.0,0.0,0.0,0.0,1188735.0,-62565.0,-5.0
2022-10-11,2022-10-07,2022-10-11,2022-10-13,022100,포스코DX,fallback,237,5400.0,5130.0,stop_loss,2,1279800.0,0.0,0.0,0.0,1215810.0,-63990.0,-5.0
2022-10-11,2022-10-07,2022-10-11,2022-10-12,001430,세아베스틸지주,fallback,76,16650.0,17482.5,take_profit,1,1265400.0,0.0,0.0,0.0,1328670.0,63270.0,5.0
2022-11-14,2022-11-11,2022-11-14,2022-11-18,001450,현대해상,fallback,381,29150.0,28950.0,friday_liquidation,4,11106150.0,0.0,0.0,0.0,11029950.0,-76200.0,-0.6861
2022-11-28,2022-11-25,2022-11-28,2022-11-28,001570,금양,fallback,185,29700.0,28215.0,stop_loss,0,5494500.0,0.0,0.0,0.0,5219775.0,-274725.0,-5.0
2022-12-05,2022-12-02,2022-12-05,2022-12-09,003670,포스코퓨처엠,fallback,5,201500.0,191425.0,stop_loss,4,1007500.0,0.0,0.0,0.0,957125.0,-50375.0,-5.0
2022-12-12,2022-12-09,2022-12-12,2022-12-16,003670,포스코퓨처엠,fallback,7,181000.0,182715.0,friday_liquidation,4,1267000.0,0.0,0.0,0.0,1279005.0,12005.0,0.9475
2022-12-12,2022-12-09,2022-12-12,2022-12-12,001570,금양,fallback,51,26950.0,28297.5,take_profit,0,1374450.0,0.0,0.0,0.0,1443172.5,68722.5,5.0
2023-02-13,2023-02-10,2023-02-13,2023-02-15,323410,카카오뱅크,fallback,52,25850.0,24557.5,stop_loss,2,1344200.0,0.0,0.0,0.0,1276990.0,-67210.0,-5.0
2023-02-13,2023-02-10,2023-02-13,2023-02-17,377300,카카오페이,fallback,23,58900.0,59500.0,friday_liquidation,4,1354700.0,0.0,0.0,0.0,1368500.0,13800.0,1.0187
2023-02-13,2023-02-10,2023-02-13,2023-02-17,009240,한샘,fallback,30,45650.0,46700.0,friday_liquidation,4,1369500.0,0.0,0.0,0.0,1401000.0,31500.0,2.3001
2023-03-13,2023-03-10,2023-03-13,2023-03-17,114090,GKL,fallback,65,18500.0,18900.0,friday_liquidation,4,1202500.0,0.0,0.0,0.0,1228500.0,26000.0,2.1622
2023-03-20,2023-03-17,2023-03-20,2023-03-21,066970,엘앤에프,fallback,6,221500.0,232575.0,take_profit,1,1329000.0,0.0,0.0,0.0,1395450.0,66450.0,5.0
2023-03-20,2023-03-17,2023-03-20,2023-03-23,008730,율촌화학,fallback,40,39100.0,41055.0,take_profit,3,1564000.0,0.0,0.0,0.0,1642200.0,78200.0,5.0
2023-03-27,2023-03-24,2023-03-27,2023-03-27,008730,율촌화학,fallback,33,38700.0,40635.0,take_profit,0,1277100.0,0.0,0.0,0.0,1340955.0,63855.0,5.0
2023-04-24,2023-04-21,2023-04-24,2023-04-24,001570,금양,fallback,43,62400.0,59280.0,stop_loss,0,2683200.0,0.0,0.0,0.0,2549040.0,-134160.0,-5.0
2023-04-24,2023-04-21,2023-04-24,2023-04-25,066970,엘앤에프,fallback,9,293000.0,278350.0,stop_loss,1,2637000.0,0.0,0.0,0.0,2505150.0,-131850.0,-5.0
2023-05-15,2023-05-12,2023-05-15,2023-05-19,005830,DB손해보험,fallback,14,75700.0,75300.0,friday_liquidation,4,1059800.0,0.0,0.0,0.0,1054200.0,-5600.0,-0.5284
2023-05-15,2023-05-12,2023-05-15,2023-05-19,005420,코스모화학,fallback,22,49700.0,47215.0,stop_loss,4,1093400.0,0.0,0.0,0.0,1038730.0,-54670.0,-5.0
2023-05-30,2023-05-26,2023-05-30,2023-06-01,001570,금양,fallback,28,47450.0,49822.5,take_profit,2,1328600.0,0.0,0.0,0.0,1395030.0,66430.0,5.0
2023-07-10,2023-07-07,2023-07-10,2023-07-14,011070,LG이노텍,fallback,4,290000.0,294000.0,friday_liquidation,4,1160000.0,0.0,0.0,0.0,1176000.0,16000.0,1.3793
2023-07-10,2023-07-07,2023-07-10,2023-07-13,326030,SK바이오팜,fallback,16,73100.0,76755.0,take_profit,3,1169600.0,0.0,0.0,0.0,1228080.0,58480.0,5.0
2023-07-17,2023-07-14,2023-07-17,2023-07-21,111770,영원무역,fallback,188,57700.0,57200.0,friday_liquidation,4,10847600.0,0.0,0.0,0.0,10753600.0,-94000.0,-0.8666
2023-08-07,2023-08-04,2023-08-07,2023-08-07,007660,이수페타시스,fallback,180,29800.0,31290.0,take_profit,0,5364000.0,0.0,0.0,0.0,5632200.0,268200.0,5.0
2023-08-14,2023-08-11,2023-08-14,2023-08-14,022100,포스코DX,fallback,128,28350.0,29767.5,take_profit,0,3628800.0,0.0,0.0,0.0,3810240.0,181440.0,5.0
2023-08-14,2023-08-11,2023-08-14,2023-08-17,003670,포스코퓨처엠,fallback,8,414000.0,393300.0,stop_loss,3,3312000.0,0.0,0.0,0.0,3146400.0,-165600.0,-5.0
2023-09-04,2023-09-01,2023-09-04,2023-09-05,001570,금양,fallback,9,122000.0,128100.0,take_profit,1,1098000.0,0.0,0.0,0.0,1152900.0,54900.0,5.0
2023-09-11,2023-09-08,2023-09-11,2023-09-15,007660,이수페타시스,fallback,129,28500.0,28105.0,friday_liquidation,4,3676500.0,0.0,0.0,0.0,3625545.0,-50955.0,-1.386
2023-09-25,2023-09-22,2023-09-25,2023-09-27,047050,포스코인터내셔널,fallback,37,74300.0,71400.0,extended_liquidation,2,2749100.0,0.0,0.0,0.0,2641800.0,-107300.0,-3.9031
2023-10-10,2023-10-06,2023-10-10,2023-10-10,000150,두산,fallback,14,85400.0,89670.0,take_profit,0,1195600.0,0.0,0.0,0.0,1255380.0,59780.0,5.0
2023-10-10,2023-10-06,2023-10-10,2023-10-13,002790,아모레퍼시픽홀딩스,fallback,45,26800.0,27050.0,friday_liquidation,3,1206000.0,0.0,0.0,0.0,1217250.0,11250.0,0.9328
2023-10-10,2023-10-06,2023-10-10,2023-10-12,192820,코스맥스,fallback,10,117500.0,111625.0,stop_loss,2,1175000.0,0.0,0.0,0.0,1116250.0,-58750.0,-5.0
2023-10-10,2023-10-06,2023-10-10,2023-10-10,009240,한샘,fallback,24,52000.0,56000.0,take_profit_gap_open,0,1248000.0,0.0,0.0,0.0,1344000.0,96000.0,7.6923
2023-10-23,2023-10-20,2023-10-23,2023-10-24,001570,금양,fallback,11,100000.0,95000.0,stop_loss,1,1100000.0,0.0,0.0,0.0,1045000.0,-55000.0,-5.0
2023-10-30,2023-10-27,2023-10-30,2023-10-30,307950,현대오토에버,fallback,16,149000.0,141550.0,stop_loss,0,2384000.0,0.0,0.0,0.0,2264800.0,-119200.0,-5.0
2023-12-26,2023-12-22,2023-12-26,2023-12-26,000240,한국앤컴퍼니,fallback,228,15850.0,16642.5,take_profit,0,3613800.0,0.0,0.0,0.0,3794490.0,180690.0,5.0
2023-12-26,2023-12-22,2023-12-26,2023-12-27,001570,금양,fallback,34,104600.0,109830.0,take_profit,1,3556400.0,0.0,0.0,0.0,3734220.0,177820.0,5.0
2023-12-26,2023-12-22,2023-12-26,2023-12-28,457190,이수스페셜티케미컬,fallback,113,32350.0,31620.0,extended_liquidation,2,3655550.0,0.0,0.0,0.0,3573060.0,-82490.0,-2.2566
2024-01-15,2024-01-12,2024-01-15,2024-01-15,066970,엘앤에프,fallback,6,181000.0,190050.0,take_profit,0,1086000.0,0.0,0.0,0.0,1140300.0,54300.0,5.0
2024-01-15,2024-01-12,2024-01-15,2024-01-17,003670,포스코퓨처엠,fallback,3,295000.0,280250.0,stop_loss,2,885000.0,0.0,0.0,0.0,840750.0,-44250.0,-5.0
2024-01-15,2024-01-12,2024-01-15,2024-01-17,051910,LG화학,fallback,2,435500.0,413725.0,stop_loss,2,871000.0,0.0,0.0,0.0,827450.0,-43550.0,-5.0
2024-01-15,2024-01-12,2024-01-15,2024-01-16,042700,한미반도체,fallback,21,55300.0,52535.0,stop_loss,1,1161300.0,0.0,0.0,0.0,1103235.0,-58065.0,-5.0
2024-01-22,2024-01-19,2024-01-22,2024-01-25,022100,포스코DX,fallback,29,54300.0,51585.0,stop_loss,3,1574700.0,0.0,0.0,0.0,1495965.0,-78735.0,-5.0
2024-01-22,2024-01-19,2024-01-22,2024-01-23,112610,씨에스윈드,fallback,27,57000.0,59850.0,take_profit,1,1539000.0,0.0,0.0,0.0,1615950.0,76950.0,5.0
2024-01-29,2024-01-26,2024-01-29,2024-01-30,079550,LIG디펜스앤에어로스페이스,fallback,33,109500.0,104025.0,stop_loss,1,3613500.0,0.0,0.0,0.0,3432825.0,-180675.0,-5.0
2024-03-11,2024-03-08,2024-03-11,2024-03-15,000120,CJ대한통운,fallback,44,123500.0,124600.0,friday_liquidation,4,5434000.0,0.0,0.0,0.0,5482400.0,48400.0,0.8907
2024-03-18,2024-03-15,2024-03-18,2024-03-18,000240,한국앤컴퍼니,fallback,87,15850.0,16642.5,take_profit,0,1378950.0,0.0,0.0,0.0,1447897.5,68947.5,5.0
2024-04-08,2024-04-05,2024-04-08,2024-04-08,006400,삼성SDI,fallback,2,399000.0,418950.0,take_profit,0,798000.0,0.0,0.0,0.0,837900.0,39900.0,5.0
2024-04-08,2024-04-05,2024-04-08,2024-04-09,001570,금양,fallback,10,108000.0,113400.0,take_profit,1,1080000.0,0.0,0.0,0.0,1134000.0,54000.0,5.0
2024-04-08,2024-04-05,2024-04-08,2024-04-08,003670,포스코퓨처엠,fallback,4,251000.0,263550.0,take_profit,0,1004000.0,0.0,0.0,0.0,1054200.0,50200.0,5.0
2024-04-08,2024-04-05,2024-04-08,2024-04-08,066970,엘앤에프,fallback,7,161000.0,169050.0,take_profit,0,1127000.0,0.0,0.0,0.0,1183350.0,56350.0,5.0
2024-04-08,2024-04-05,2024-04-08,2024-04-08,047050,포스코인터내셔널,fallback,24,47200.0,49560.0,take_profit,0,1132800.0,0.0,0.0,0.0,1189440.0,56640.0,5.0
2024-04-08,2024-04-05,2024-04-08,2024-04-12,005420,코스모화학,fallback,37,33150.0,31492.5,stop_loss,4,1226550.0,0.0,0.0,0.0,1165222.5,-61327.5,-5.0
2024-04-15,2024-04-12,2024-04-15,2024-04-15,086790,하나금융지주,fallback,20,53300.0,55965.0,take_profit,0,1066000.0,0.0,0.0,0.0,1119300.0,53300.0,5.0
2024-04-15,2024-04-12,2024-04-15,2024-04-19,105560,KB금융,fallback,17,64300.0,63700.0,friday_liquidation,4,1093100.0,0.0,0.0,0.0,1082900.0,-10200.0,-0.9331
2024-04-15,2024-04-12,2024-04-15,2024-04-16,066970,엘앤에프,fallback,7,155000.0,147250.0,stop_loss,1,1085000.0,0.0,0.0,0.0,1030750.0,-54250.0,-5.0
2024-04-15,2024-04-12,2024-04-15,2024-04-17,001570,금양,fallback,12,97700.0,92815.0,stop_loss,2,1172400.0,0.0,0.0,0.0,1113780.0,-58620.0,-5.0
2024-04-15,2024-04-12,2024-04-15,2024-04-15,001040,CJ,fallback,10,112000.0,117600.0,take_profit,0,1120000.0,0.0,0.0,0.0,1176000.0,56000.0,5.0
2024-04-22,2024-04-19,2024-04-22,2024-04-24,000660,SK하이닉스,fallback,6,168000.0,178900.0,take_profit_gap_open,2,1008000.0,0.0,0.0,0.0,1073400.0,65400.0,6.4881
2024-04-22,2024-04-19,2024-04-22,2024-04-26,005930,삼성전자,fallback,14,75200.0,76700.0,friday_liquidation,4,1052800.0,0.0,0.0,0.0,1073800.0,21000.0,1.9947
2024-04-22,2024-04-19,2024-04-22,2024-04-22,007660,이수페타시스,fallback,32,35593.0,33813.35,stop_loss,0,1138976.0,0.0,0.0,0.0,1082027.2,-56948.8,-5.0
2024-05-07,2024-05-03,2024-05-07,2024-05-07,161390,한국타이어앤테크놀로지,fallback,55,47200.0,44840.0,stop_loss,0,2596000.0,0.0,0.0,0.0,2466200.0,-129800.0,-5.0
2024-05-20,2024-05-17,2024-05-20,2024-05-20,012450,한화에어로스페이스,fallback,9,205500.0,215775.0,take_profit,0,1849500.0,0.0,0.0,0.0,1941975.0,92475.0,5.0
2024-06-03,2024-05-31,2024-06-03,2024-06-05,402340,SK스퀘어,fallback,37,75200.0,78960.0,take_profit,2,2782400.0,0.0,0.0,0.0,2921520.0,139120.0,5.0
2024-07-01,2024-06-28,2024-07-01,2024-07-01,298040,효성중공업,fallback,6,335500.0,318725.0,stop_loss,0,2013000.0,0.0,0.0,0.0,1912350.0,-100650.0,-5.0
2024-07-01,2024-06-28,2024-07-01,2024-07-02,008730,율촌화학,fallback,66,35000.0,36750.0,take_profit,1,2310000.0,0.0,0.0,0.0,2425500.0,115500.0,5.0
2024-07-01,2024-06-28,2024-07-01,2024-07-05,009830,한화솔루션,fallback,92,24807.0,25609.0,friday_liquidation,4,2282244.0,0.0,0.0,0.0,2356028.0,73784.0,3.233
2024-07-08,2024-07-05,2024-07-08,2024-07-12,204320,HL만도,fallback,55,41200.0,41450.0,friday_liquidation,4,2266000.0,0.0,0.0,0.0,2279750.0,13750.0,0.6068
2024-07-15,2024-07-12,2024-07-15,2024-07-15,011790,SKC,fallback,8,146000.0,153300.0,take_profit,0,1168000.0,0.0,0.0,0.0,1226400.0,58400.0,5.0
2024-07-29,2024-07-26,2024-07-29,2024-07-29,010120,LS ELECTRIC,fallback,41,38850.0,40792.5,take_profit,0,1592850.0,0.0,0.0,0.0,1672492.5,79642.5,5.0
2024-07-29,2024-07-26,2024-07-29,2024-07-29,000150,두산,fallback,10,158000.0,165900.0,take_profit,0,1580000.0,0.0,0.0,0.0,1659000.0,79000.0,5.0
2024-08-05,2024-08-02,2024-08-05,2024-08-06,105560,KB금융,fallback,14,77400.0,81270.0,take_profit,1,1083600.0,0.0,0.0,0.0,1137780.0,54180.0,5.0
2024-08-05,2024-08-02,2024-08-05,2024-08-05,003230,삼양식품,fallback,2,545000.0,517750.0,stop_loss,0,1090000.0,0.0,0.0,0.0,1035500.0,-54500.0,-5.0
2024-08-05,2024-08-02,2024-08-05,2024-08-05,005930,삼성전자,fallback,15,76700.0,72865.0,stop_loss,0,1150500.0,0.0,0.0,0.0,1092975.0,-57525.0,-5.0
2024-08-05,2024-08-02,2024-08-05,2024-08-05,009150,삼성전기,fallback,7,146000.0,138700.0,stop_loss,0,1022000.0,0.0,0.0,0.0,970900.0,-51100.0,-5.0
2024-08-05,2024-08-02,2024-08-05,2024-08-05,086280,현대글로비스,fallback,10,111500.0,105925.0,stop_loss,0,1115000.0,0.0,0.0,0.0,1059250.0,-55750.0,-5.0
2024-08-05,2024-08-02,2024-08-05,2024-08-05,036460,한국가스공사,fallback,29,40150.0,38142.5,stop_loss,0,1164350.0,0.0,0.0,0.0,1106132.5,-58217.5,-5.0
2024-08-05,2024-08-02,2024-08-05,2024-08-05,066570,LG전자,fallback,12,96100.0,91295.0,stop_loss,0,1153200.0,0.0,0.0,0.0,1095540.0,-57660.0,-5.0
2024-08-05,2024-08-02,2024-08-05,2024-08-05,052690,한전기술,fallback,17,69400.0,65930.0,stop_loss,0,1179800.0,0.0,0.0,0.0,1120810.0,-58990.0,-5.0
2024-08-05,2024-08-02,2024-08-05,2024-08-05,079550,LIG디펜스앤에어로스페이스,fallback,6,191000.0,181450.0,stop_loss,0,1146000.0,0.0,0.0,0.0,1088700.0,-57300.0,-5.0
2024-08-05,2024-08-02,2024-08-05,2024-08-05,307950,현대오토에버,fallback,8,151100.0,143545.0,stop_loss,0,1208800.0,0.0,0.0,0.0,1148360.0,-60440.0,-5.0
2024-08-12,2024-08-09,2024-08-12,2024-08-16,004370,농심,fallback,8,426500.0,405175.0,stop_loss,4,3412000.0,0.0,0.0,0.0,3241400.0,-170600.0,-5.0
2024-08-19,2024-08-16,2024-08-19,2024-08-23,097950,CJ제일제당,fallback,16,342000.0,331000.0,friday_liquidation,4,5472000.0,0.0,0.0,0.0,5296000.0,-176000.0,-3.2164
2024-08-19,2024-08-16,2024-08-19,2024-08-23,280360,롯데웰푸드,fallback,36,152000.0,150700.0,friday_liquidation,4,5472000.0,0.0,0.0,0.0,5425200.0,-46800.0,-0.8553
2024-09-09,2024-09-06,2024-09-09,2024-09-09,064350,현대로템,fallback,24,47950.0,50347.5,take_profit,0,1150800.0,0.0,0.0,0.0,1208340.0,57540.0,5.0
2024-09-09,2024-09-06,2024-09-09,2024-09-13,042660,한화오션,fallback,40,29700.0,31185.0,take_profit,4,1188000.0,0.0,0.0,0.0,1247400.0,59400.0,5.0
2024-09-09,2024-09-06,2024-09-09,2024-09-13,300720,한일시멘트,fallback,87,13850.0,14290.0,friday_liquidation,4,1204950.0,0.0,0.0,0.0,1243230.0,38280.0,3.1769
2024-09-09,2024-09-06,2024-09-09,2024-09-09,003230,삼양식품,fallback,2,455500.0,478275.0,take_profit,0,911000.0,0.0,0.0,0.0,956550.0,45550.0,5.0
2024-09-09,2024-09-06,2024-09-09,2024-09-09,111770,영원무역,fallback,37,35050.0,36802.5,take_profit,0,1296850.0,0.0,0.0,0.0,1361692.5,64842.5,5.0
2024-09-09,2024-09-06,2024-09-09,2024-09-10,251270,넷마블,fallback,24,55200.0,57960.0,take_profit,1,1324800.0,0.0,0.0,0.0,1391040.0,66240.0,5.0
2024-09-30,2024-09-27,2024-09-30,2024-10-04,003090,대웅,fallback,62,23200.0,22040.0,stop_loss,4,1438400.0,0.0,0.0,0.0,1366480.0,-71920.0,-5.0
2024-10-21,2024-10-18,2024-10-21,2024-10-21,000670,영풍,fallback,42,33950.0,35647.5,take_profit,0,1425900.0,0.0,0.0,0.0,1497195.0,71295.0,5.0
2024-10-21,2024-10-18,2024-10-21,2024-10-25,007340,DN오토모티브,fallback,82,17500.0,17590.0,friday_liquidation,4,1435000.0,0.0,0.0,0.0,1442380.0,7380.0,0.5143
2024-11-11,2024-11-08,2024-11-11,2024-11-12,003090,대웅,fallback,96,23550.0,22372.5,stop_loss,1,2260800.0,0.0,0.0,0.0,2147760.0,-113040.0,-5.0
2024-11-11,2024-11-08,2024-11-11,2024-11-11,383220,F&F,fallback,40,57000.0,54150.0,stop_loss,0,2280000.0,0.0,0.0,0.0,2166000.0,-114000.0,-5.0
2024-11-18,2024-11-15,2024-11-18,2024-11-21,207940,삼성바이오로직스,fallback,1,1337000.0,1403850.0,take_profit,3,1337000.0,0.0,0.0,0.0,1403850.0,66850.0,5.0
2024-11-18,2024-11-15,2024-11-18,2024-11-21,079550,LIG디펜스앤에어로스페이스,fallback,5,232500.0,220875.0,stop_loss,3,1162500.0,0.0,0.0,0.0,1104375.0,-58125.0,-5.0
2024-12-02,2024-11-29,2024-12-02,2024-12-03,352820,하이브,fallback,5,189000.0,198450.0,take_profit,1,945000.0,0.0,0.0,0.0,992250.0,47250.0,5.0
2024-12-02,2024-11-29,2024-12-02,2024-12-03,009420,한올바이오파마,fallback,33,34800.0,36540.0,take_profit,1,1148400.0,0.0,0.0,0.0,1205820.0,57420.0,5.0
2024-12-09,2024-12-06,2024-12-09,2024-12-12,272210,한화시스템,fallback,54,20500.0,21525.0,take_profit,3,1107000.0,0.0,0.0,0.0,1162350.0,55350.0,5.0
2024-12-09,2024-12-06,2024-12-09,2024-12-12,047810,한국항공우주,fallback,20,53000.0,55900.0,take_profit_gap_open,3,1060000.0,0.0,0.0,0.0,1118000.0,58000.0,5.4717
2024-12-09,2024-12-06,2024-12-09,2024-12-11,010140,삼성중공업,fallback,108,10300.0,10815.0,take_profit,2,1112400.0,0.0,0.0,0.0,1168020.0,55620.0,5.0
2024-12-09,2024-12-06,2024-12-09,2024-12-13,071320,지역난방공사,fallback,23,48300.0,45885.0,stop_loss,4,1110900.0,0.0,0.0,0.0,1055355.0,-55545.0,-5.0
2024-12-09,2024-12-06,2024-12-09,2024-12-10,009540,HD한국조선해양,fallback,6,183500.0,192675.0,take_profit,1,1101000.0,0.0,0.0,0.0,1156050.0,55050.0,5.0
2024-12-09,2024-12-06,2024-12-09,2024-12-12,036570,NC,fallback,5,194000.0,203700.0,take_profit,3,970000.0,0.0,0.0,0.0,1018500.0,48500.0,5.0
2024-12-09,2024-12-06,2024-12-09,2024-12-13,051600,한전KPS,fallback,28,41550.0,42750.0,friday_liquidation,4,1163400.0,0.0,0.0,0.0,1197000.0,33600.0,2.8881
2024-12-09,2024-12-06,2024-12-09,2024-12-10,082740,한화엔진,fallback,83,14200.0,14910.0,take_profit,1,1178600.0,0.0,0.0,0.0,1237530.0,58930.0,5.0
2024-12-09,2024-12-06,2024-12-09,2024-12-11,007340,DN오토모티브,fallback,68,17250.0,18112.5,take_profit,2,1173000.0,0.0,0.0,0.0,1231650.0,58650.0,5.0
2024-12-30,2024-12-27,2024-12-30,2024-12-30,036570,NC,fallback,6,185500.0,183100.0,extended_liquidation,0,1113000.0,0.0,0.0,0.0,1098600.0,-14400.0,-1.2938
2024-12-30,2024-12-27,2024-12-30,2024-12-30,003490,대한항공,fallback,51,22600.0,22600.0,extended_liquidation,0,1152600.0,0.0,0.0,0.0,1152600.0,0.0,0.0
