trade_date,filled_at,broker_order_id,ticker,side,quantity,price,amount,estimated_fee,estimated_tax,estimated_total_cost,source,cash,account_value,adjusted_account_value,adjusted_pnl,loss_percent,kospi_change_percent,cum_buy_quantity,cum_buy_amount,avg_buy_price,cum_sell_quantity,cum_sell_amount,realized_pnl_before_costs,estimated_net_realized_pnl,realized_return_percent_before_costs,estimated_net_realized_return_percent,position_status
2026-06-10,2026-06-10T09:31:44,0167162,014680,BUY,2,261500,523000,70.0,0.0,70.0,eod_reconciliation,,,,,,,2,523000,261500.0,0,0,,,,,OPEN
2026-06-10,2026-06-10T09:32:16,0168523,014680,SELL,2,263500,527000,70.0,1053.0,1123.0,eod_reconciliation,,,,,,,2,523000,261500.0,2,527000,4000.0,2807.0,0.7648,0.5367,CLOSED
2026-06-10,2026-06-10T09:35:12,0176387,036570,BUY,1,256000,256000,30.0,0.0,30.0,eod_reconciliation,,,,,,,1,256000,256000.0,0,0,,,,,OPEN
2026-06-10,2026-06-10T09:35:43,0177552,036570,SELL,1,257500,257500,30.0,514.0,544.0,eod_reconciliation,,,,,,,1,256000,256000.0,1,257500,1500.0,926.0,0.5859,0.3617,CLOSED
2026-06-10,2026-06-10T09:38:45,0184125,009420,BUY,5,50500,252500,30.0,0.0,30.0,eod_reconciliation,,,,,,,5,252500,50500.0,0,0,,,,,OPEN
2026-06-10,2026-06-10T09:39:17,0185087,009420,SELL,5,50800,254000,30.0,508.0,538.0,eod_reconciliation,,,,,,,5,252500,50500.0,5,254000,1500.0,932.0,0.5941,0.3691,CLOSED
2026-06-10,2026-06-10T09:42:17,0190784,008770,BUY,3,53600,160800,20.0,0.0,20.0,eod_reconciliation,,,,,,,3,160800,53600.0,0,0,,,,,OPEN
2026-06-10,2026-06-10T09:42:49,0191731,008770,SELL,3,53900,161700,20.0,322.0,342.0,eod_reconciliation,,,,,,,3,160800,53600.0,3,161700,900.0,538.0,0.5597,0.3346,CLOSED
2026-06-10,2026-06-10T09:45:48,0197709,181710,BUY,3,40650,121950,10.0,0.0,10.0,eod_reconciliation,,,,,,,3,121950,40650.0,0,0,,,,,OPEN
2026-06-10,2026-06-10T09:46:20,0198697,181710,SELL,3,40850,122550,10.0,244.0,254.0,eod_reconciliation,,,,,,,3,121950,40650.0,3,122550,600.0,336.0,0.4920,0.2755,CLOSED
2026-06-10,2026-06-10T09:49:20,0203738,028670,BUY,14,5060,70840,10.0,0.0,10.0,eod_reconciliation,,,,,,,14,70840,5060.0,0,0,,,,,OPEN
2026-06-10,2026-06-10T09:49:54,0204681,028670,SELL,14,5080,71120,10.0,141.0,151.0,eod_reconciliation,,,,,,,14,70840,5060.0,14,71120,280.0,119.0,0.3953,0.1680,CLOSED
2026-06-10,2026-06-10T09:53:05,0210389,281820,BUY,3,66000,198000,20.0,0.0,20.0,eod_reconciliation,,,,,,,3,198000,66000.0,0,0,,,,,OPEN
2026-06-10,2026-06-10T09:53:37,0211219,281820,SELL,3,66400,199200,10.0,397.0,407.0,eod_reconciliation,,,,,,,3,198000,66000.0,3,199200,1200.0,773.0,0.6061,0.3904,CLOSED
2026-06-10,2026-06-10T09:56:47,0216385,005090,BUY,4,51000,204000,30.0,0.0,30.0,eod_reconciliation,,,,,,,4,204000,51000.0,0,0,,,,,OPEN
2026-06-10,2026-06-10T09:57:20,0217317,005090,SELL,4,51300,205200,30.0,409.0,439.0,eod_reconciliation,,,,,,,4,204000,51000.0,4,205200,1200.0,731.0,0.5882,0.3583,CLOSED
2026-06-10,2026-06-10T10:00:36,0222572,078930,BUY,2,73200,146400,20.0,0.0,20.0,eod_reconciliation,,,,,,,2,146400,73200.0,0,0,,,,,OPEN
2026-06-10,2026-06-10T10:01:09,0223639,078930,SELL,2,73500,147000,20.0,293.0,313.0,eod_reconciliation,,,,,,,2,146400,73200.0,2,147000,600.0,267.0,0.4098,0.1824,CLOSED
2026-06-10,2026-06-10T10:04:25,0228651,000430,BUY,82,5740,470680,70.0,0.0,70.0,eod_reconciliation,,,,,,,82,470680,5740.0,0,0,,,,,OPEN
2026-06-10,2026-06-10T10:04:57,0229394,000430,SELL,82,5790,474780,70.0,949.0,1019.0,eod_reconciliation,,,,,,,82,470680,5740.0,82,474780,4100.0,3011.0,0.8711,0.6397,CLOSED
2026-06-10,2026-06-10T10:08:30,0234589,069960,BUY,2,162100,324200,40.0,0.0,40.0,eod_reconciliation,,,,,,,2,324200,162100.0,0,0,,,,,OPEN
2026-06-10,2026-06-10T10:09:03,0235176,069960,SELL,2,163000,326000,40.0,652.0,692.0,eod_reconciliation,,,,,,,2,324200,162100.0,2,326000,1800.0,1068.0,0.5552,0.3294,CLOSED
2026-06-10,2026-06-10T10:12:21,0240285,192080,BUY,2,72000,144000,20.0,0.0,20.0,eod_reconciliation,,,,,,,2,144000,72000.0,0,0,,,,,OPEN
2026-06-10,2026-06-10T10:16:03,0244976,066570,BUY,1,232000,232000,30.0,0.0,30.0,eod_reconciliation,,,,,,,1,232000,232000.0,0,0,,,,,OPEN
2026-06-10,2026-06-10T10:16:36,0245592,066570,SELL,1,233000,233000,30.0,465.0,495.0,eod_reconciliation,,,,,,,1,232000,232000.0,1,233000,1000.0,475.0,0.4310,0.2047,CLOSED
2026-06-10,2026-06-10T10:19:54,0250365,005090,BUY,5,52100,260500,30.0,0.0,30.0,eod_reconciliation,,,,,,,9,464500,51611.1111,4,205200,-1244.4444,-1743.4444,-0.6028,-0.8445,OPEN
2026-06-10,2026-06-10T10:20:26,0251169,005090,SELL,4,52600,210400,20.0,418.0,438.0,eod_reconciliation,,,,,,,9,464500,51611.1111,8,415600,2711.1111,1774.1111,0.6566,0.4297,OPEN
2026-06-10,2026-06-10T10:23:46,0255504,018260,BUY,1,233500,233500,30.0,0.0,30.0,eod_reconciliation,,,,,,,1,233500,233500.0,0,0,,,,,OPEN
2026-06-10,2026-06-10T10:27:36,0259733,035420,BUY,1,236000,236000,30.0,0.0,30.0,eod_reconciliation,,,,,,,1,236000,236000.0,0,0,,,,,OPEN
2026-06-10,2026-06-10T10:31:30,0263862,088350,BUY,48,4875,234000,30.0,0.0,30.0,eod_reconciliation,,,,,,,48,234000,4875.0,0,0,,,,,OPEN
2026-06-10,2026-06-10T10:32:01,0264417,088350,SELL,48,4890,234720,30.0,469.0,499.0,eod_reconciliation,,,,,,,48,234000,4875.0,48,234720,720.0,191.0,0.3077,0.0816,CLOSED
2026-06-10,2026-06-10T10:35:29,0267842,066570,BUY,1,232500,232500,30.0,0.0,30.0,eod_reconciliation,,,,,,,2,464500,232250.0,1,233000,750.0,195.0,0.3229,0.0840,OPEN
2026-06-10,2026-06-10T10:36:01,0268339,066570,SELL,1,233500,233500,30.0,466.0,496.0,eod_reconciliation,,,,,,,2,464500,232250.0,2,466500,2000.0,949.0,0.4306,0.2043,CLOSED
2026-06-10,2026-06-10T10:37:10,0269381,005090,SELL,1,52800,52800,0.0,105.0,105.0,eod_reconciliation,,,,,,,9,464500,51611.1111,9,468400,3900.0,2858.0,0.8396,0.6153,CLOSED
2026-06-10,2026-06-10T10:43:04,0274796,000430,BUY,43,5700,245100,30.0,0.0,30.0,eod_reconciliation,,,,,,,125,715780,5726.24,82,474780,5228.32,4109.32,1.1135,0.8752,OPEN
2026-06-10,2026-06-10T10:46:59,0278342,000370,BUY,23,6510,149730,20.0,0.0,20.0,eod_reconciliation,,,,,,,23,149730,6510.0,0,0,,,,,OPEN
2026-06-10,2026-06-10T10:47:31,0278793,000370,SELL,23,6540,150420,20.0,300.0,320.0,eod_reconciliation,,,,,,,23,149730,6510.0,23,150420,690.0,350.0,0.4608,0.2338,CLOSED
2026-06-10,2026-06-10T10:51:08,0282313,161390,BUY,3,71100,213300,30.0,0.0,30.0,eod_reconciliation,,,,,,,3,213300,71100.0,0,0,,,,,OPEN
2026-06-10,2026-06-10T10:51:41,0282777,161390,SELL,3,71300,213900,30.0,426.0,456.0,eod_reconciliation,,,,,,,3,213300,71100.0,3,213900,600.0,114.0,0.2813,0.0534,CLOSED
2026-06-10,2026-06-10T10:55:11,0285871,181710,BUY,3,40900,122700,10.0,0.0,10.0,eod_reconciliation,,,,,,,6,244650,40775.0,3,122550,225.0,-49.0,0.1839,-0.0401,OPEN
2026-06-10,2026-06-10T10:59:20,0289626,195870,BUY,1,76800,76800,10.0,0.0,10.0,eod_reconciliation,,,,,,,1,76800,76800.0,0,0,,,,,OPEN
2026-06-10,2026-06-10T10:59:52,0290102,195870,SELL,1,77000,77000,10.0,153.0,163.0,eod_reconciliation,,,,,,,1,76800,76800.0,1,77000,200.0,27.0,0.2604,0.0352,CLOSED
2026-06-10,2026-06-10T11:03:30,0293889,281820,BUY,1,67300,67300,10.0,0.0,10.0,eod_reconciliation,,,,,,,4,265300,66325.0,3,199200,225.0,-212.0,0.1131,-0.1065,OPEN
2026-06-10,2026-06-10T11:07:46,0298133,005940,BUY,2,30750,61500,0.0,0.0,0.0,eod_reconciliation,,,,,,,2,61500,30750.0,0,0,,,,,OPEN
2026-06-10,2026-06-10T11:08:18,0298606,005940,SELL,2,30900,61800,0.0,122.0,122.0,eod_reconciliation,,,,,,,2,61500,30750.0,2,61800,300.0,178.0,0.4878,0.2894,CLOSED
2026-06-10,2026-06-10T11:11:55,0302272,005090,BUY,1,51800,51800,0.0,0.0,0.0,eod_reconciliation,,,,,,,10,516300,51630.0,9,468400,3730.0,2688.0,0.8027,0.5785,OPEN
2026-06-10,2026-06-10T11:12:27,0302781,005090,SELL,1,52000,52000,0.0,104.0,104.0,eod_reconciliation,,,,,,,10,516300,51630.0,10,520400,4100.0,2954.0,0.7941,0.5721,CLOSED
2026-06-10,2026-06-10T11:16:38,0306587,009420,BUY,2,50200,100400,10.0,0.0,10.0,eod_reconciliation,,,,,,,7,352900,50414.2857,5,254000,1928.5714,1350.5714,0.7651,0.5358,OPEN
2026-06-10,2026-06-10T11:20:50,0310471,005090,BUY,2,51600,103200,10.0,0.0,10.0,eod_reconciliation,,,,,,,12,619500,51625.0,10,520400,4150.0,2994.0,0.8039,0.5800,OPEN
2026-06-10,2026-06-10T11:21:21,0310963,005090,SELL,2,51900,103800,10.0,206.0,216.0,eod_reconciliation,,,,,,,12,619500,51625.0,12,624200,4700.0,3328.0,0.7587,0.5372,CLOSED
2026-06-10,2026-06-10T11:24:59,0314002,092200,BUY,6,9420,56520,0.0,0.0,0.0,eod_reconciliation,,,,,,,6,56520,9420.0,0,0,,,,,OPEN
2026-06-10,2026-06-10T11:25:31,0314448,092200,SELL,6,9450,56700,0.0,113.0,113.0,eod_reconciliation,,,,,,,6,56520,9420.0,6,56700,180.0,67.0,0.3185,0.1185,CLOSED
2026-06-10,2026-06-10T11:32:47,0321546,175330,BUY,2,25500,51000,0.0,0.0,0.0,eod_reconciliation,,,,,,,2,51000,25500.0,0,0,,,,,OPEN
2026-06-10,2026-06-10T11:37:02,0324452,092200,BUY,4,9430,37720,0.0,0.0,0.0,eod_reconciliation,,,,,,,10,94240,9424.0,6,56700,156.0,43.0,0.2759,0.0760,OPEN
2026-06-10,2026-06-10T11:37:34,0324813,092200,SELL,4,9460,37840,0.0,74.0,74.0,eod_reconciliation,,,,,,,10,94240,9424.0,10,94540,300.0,113.0,0.3183,0.1199,CLOSED
2026-06-10,2026-06-10T11:41:17,0327938,005940,BUY,1,30800,30800,0.0,0.0,0.0,eod_reconciliation,,,,,,,3,92300,30766.6667,2,61800,266.6667,144.6667,0.4334,0.2351,OPEN
2026-06-10,2026-06-10T11:41:49,0328311,005940,SELL,1,30900,30900,0.0,61.0,61.0,eod_reconciliation,,,,,,,3,92300,30766.6667,3,92700,400.0,217.0,0.4334,0.2351,CLOSED
2026-06-10,2026-06-10T11:45:35,0331154,004990,BUY,2,25600,51200,0.0,0.0,0.0,eod_reconciliation,,,,,,,2,51200,25600.0,0,0,,,,,OPEN
2026-06-10,2026-06-10T11:46:07,0331600,004990,SELL,2,25750,51500,0.0,102.0,102.0,eod_reconciliation,,,,,,,2,51200,25600.0,2,51500,300.0,198.0,0.5859,0.3867,CLOSED
2026-06-10,2026-06-10T11:49:50,0334231,085620,BUY,5,21950,109750,10.0,0.0,10.0,eod_reconciliation,,,,,,,5,109750,21950.0,0,0,,,,,OPEN
2026-06-10,2026-06-10T11:50:23,0334709,085620,SELL,5,22100,110500,10.0,220.0,230.0,eod_reconciliation,,,,,,,5,109750,21950.0,5,110500,750.0,510.0,0.6834,0.4647,CLOSED
2026-06-10,2026-06-10T14:46:10,0481177,000430,SELL,43,5210,224030,30.0,448.0,478.0,eod_reconciliation,,,,,,,125,715780,5726.24,125,698810,-16970.0,-18567.0,-2.3708,-2.5940,CLOSED
2026-06-10,2026-06-10T14:46:55,0481789,018260,SELL,1,219000,219000,30.0,437.0,467.0,eod_reconciliation,,,,,,,1,233500,233500.0,1,219000,-14500.0,-14997.0,-6.2099,-6.4227,CLOSED
2026-06-10,2026-06-10T14:47:35,0482396,035420,SELL,1,222500,222500,30.0,444.0,474.0,eod_reconciliation,,,,,,,1,236000,236000.0,1,222500,-13500.0,-14004.0,-5.7203,-5.9339,CLOSED
2026-06-10,2026-06-10T14:48:10,0482916,281820,SELL,1,63300,63300,0.0,125.0,125.0,eod_reconciliation,,,,,,,4,265300,66325.0,4,262500,-2800.0,-3362.0,-1.0554,-1.2672,CLOSED
2026-06-10,2026-06-10T15:00:31,0493937,009420,SELL,2,49400,98800,10.0,197.0,207.0,eod_reconciliation,,,,,,,7,352900,50414.2857,7,352800,-100.0,-885.0,-0.0283,-0.2508,CLOSED
2026-06-10,2026-06-10T15:00:42,0494152,175330,SELL,2,25050,50100,0.0,100.0,100.0,eod_reconciliation,,,,,,,2,51000,25500.0,2,50100,-900.0,-1000.0,-1.7647,-1.9608,CLOSED
2026-06-10,2026-06-10T15:00:53,0494340,181710,SELL,3,39850,119550,10.0,238.0,248.0,eod_reconciliation,,,,,,,6,244650,40775.0,6,242100,-2550.0,-3072.0,-1.0423,-1.2557,CLOSED
2026-06-10,2026-06-10T15:01:04,0494505,192080,SELL,2,69700,139400,20.0,276.0,296.0,eod_reconciliation,,,,,,,2,144000,72000.0,2,139400,-4600.0,-4916.0,-3.1944,-3.4139,CLOSED
2026-06-11,2026-06-11T09:32:20,0165435,120110,BUY,8,68400,547200,80.0,0.0,80.0,eod_reconciliation,,,,,,,8,547200,68400.0,0,0,,,,,OPEN
2026-06-11,2026-06-11T09:32:21,0165452,120110,SELL,8,68800,550400,80.0,1100.0,1180.0,eod_reconciliation,,,,,,,8,547200,68400.0,8,550400,3200.0,1940.0,0.5848,0.3545,CLOSED
2026-06-11,2026-06-11T09:35:40,0172434,005090,BUY,11,49850,548350,80.0,0.0,80.0,eod_reconciliation,,,,,,,23,1167850,50776.087,12,624200,14886.9565,13434.9565,2.4432,2.2049,OPEN
2026-06-11,2026-06-11T09:35:40,0172443,005090,SELL,11,50300,553300,70.0,1104.0,1174.0,eod_reconciliation,,,,,,,23,1167850,50776.087,23,1177500,9650.0,7024.0,0.8263,0.6014,CLOSED
2026-06-11,2026-06-11T09:38:07,0177243,323410,BUY,14,22925,320950,40.0,0.0,40.0,eod_reconciliation,,,,,,,14,320950,22925.0,0,0,,,,,OPEN
2026-06-11,2026-06-11T09:38:07,0177254,323410,SELL,14,23100,323400,30.0,641.0,671.0,eod_reconciliation,,,,,,,14,320950,22925.0,14,323400,2450.0,1739.0,0.7634,0.5418,CLOSED
2026-06-11,2026-06-11T09:40:42,0181657,499790,BUY,3,51500,154500,20.0,0.0,20.0,eod_reconciliation,,,,,,,3,154500,51500.0,0,0,,,,,OPEN
2026-06-11,2026-06-11T09:40:42,0181672,499790,SELL,3,51800,155400,20.0,310.0,330.0,eod_reconciliation,,,,,,,3,154500,51500.0,3,155400,900.0,550.0,0.5825,0.3560,CLOSED
2026-06-11,2026-06-11T09:43:16,0186496,181710,BUY,8,39400,315200,40.0,0.0,40.0,eod_reconciliation,,,,,,,14,559850,39989.2857,6,242100,2164.2857,1602.2857,0.9020,0.6678,OPEN
2026-06-11,2026-06-11T09:43:17,0186503,181710,SELL,8,39700,317600,40.0,634.0,674.0,eod_reconciliation,,,,,,,14,559850,39989.2857,14,559700,-150.0,-1386.0,-0.0268,-0.2476,CLOSED
2026-06-11,2026-06-11T09:45:47,0190607,000430,BUY,40,5250,210000,20.0,0.0,20.0,eod_reconciliation,,,,,,,165,925780,5610.7879,125,698810,-2538.4848,-4155.4848,-0.3619,-0.5925,OPEN
2026-06-11,2026-06-11T09:48:37,0194516,016380,BUY,22,5550,122100,10.0,0.0,10.0,eod_reconciliation,,,,,,,22,122100,5550.0,0,0,,,,,OPEN
2026-06-11,2026-06-11T09:48:37,0194522,016380,SELL,22,5570,122540,10.0,243.0,253.0,eod_reconciliation,,,,,,,22,122100,5550.0,22,122540,440.0,177.0,0.3604,0.1450,CLOSED
2026-06-11,2026-06-11T09:53:50,0203338,000370,BUY,12,6130,73560,10.0,0.0,10.0,eod_reconciliation,,,,,,,35,223290,6379.7143,23,150420,3686.5714,3336.5714,2.5124,2.2739,OPEN
2026-06-11,2026-06-11T09:53:51,0203351,000370,SELL,12,6180,74160,10.0,148.0,158.0,eod_reconciliation,,,,,,,35,223290,6379.7143,35,224580,1290.0,782.0,0.5777,0.3502,CLOSED
2026-06-11,2026-06-11T09:54:29,0204486,000430,SELL,40,5010,200400,30.0,400.0,430.0,eod_reconciliation,,,,,,,165,925780,5610.7879,165,899210,-26570.0,-28617.0,-2.8700,-3.0911,CLOSED
2026-06-11,2026-06-11T09:57:13,0209452,323410,BUY,15,22900,343500,50.0,0.0,50.0,eod_reconciliation,,,,,,,29,664450,22912.069,14,323400,2631.0345,1870.0345,0.8202,0.5830,OPEN
2026-06-11,2026-06-11T09:57:22,0209726,323410,SELL,15,23000,345000,50.0,689.0,739.0,eod_reconciliation,,,,,,,29,664450,22912.069,29,668400,3950.0,2450.0,0.5945,0.3687,CLOSED
2026-06-11,2026-06-11T10:03:06,0220078,092200,BUY,41,9230,378430,50.0,0.0,50.0,eod_reconciliation,,,,,,,51,472670,9268.0392,10,94540,1859.6078,1622.6078,2.0065,1.7508,OPEN
2026-06-11,2026-06-11T10:03:07,0220092,092200,SELL,41,9290,380890,40.0,759.0,799.0,eod_reconciliation,,,,,,,51,472670,9268.0392,51,475430,2760.0,1724.0,0.5839,0.3647,CLOSED
2026-06-11,2026-06-11T10:05:30,0224269,016380,BUY,1,5570,5570,0.0,0.0,0.0,eod_reconciliation,,,,,,,23,127670,5550.8696,22,122540,420.8696,157.8696,0.3446,0.1293,OPEN
2026-06-11,2026-06-11T10:05:30,0224282,016380,SELL,1,5590,5590,0.0,10.0,10.0,eod_reconciliation,,,,,,,23,127670,5550.8696,23,128130,460.0,187.0,0.3603,0.1465,CLOSED
2026-06-11,2026-06-11T10:10:47,0232976,005090,BUY,2,50700,101400,10.0,0.0,10.0,eod_reconciliation,,,,,,,25,1269250,50770.0,23,1177500,9790.0,7154.0,0.8384,0.6127,OPEN
2026-06-11,2026-06-11T10:10:47,0232990,005090,SELL,2,50900,101800,10.0,202.0,212.0,eod_reconciliation,,,,,,,25,1269250,50770.0,25,1279300,10050.0,7202.0,0.7918,0.5674,CLOSED
2026-06-11,2026-06-11T10:13:27,0238068,323410,BUY,4,23050,92200,10.0,0.0,10.0,eod_reconciliation,,,,,,,33,756650,22928.7879,29,668400,3465.1515,1955.1515,0.5211,0.2940,OPEN
2026-06-11,2026-06-11T10:13:27,0238079,323410,SELL,4,23150,92600,10.0,184.0,194.0,eod_reconciliation,,,,,,,33,756650,22928.7879,33,761000,4350.0,2646.0,0.5749,0.3497,CLOSED
2026-06-11,2026-06-11T10:16:13,0243365,016380,BUY,11,5600,61600,0.0,0.0,0.0,eod_reconciliation,,,,,,,34,189270,5566.7647,23,128130,94.4118,-178.5882,0.0737,-0.1395,OPEN
2026-06-11,2026-06-11T10:16:14,0243378,016380,SELL,11,5620,61820,0.0,122.0,122.0,eod_reconciliation,,,,,,,34,189270,5566.7647,34,189950,680.0,285.0,0.3593,0.1506,CLOSED
2026-06-11,2026-06-11T10:22:04,0253226,000430,BUY,8,5070,40560,0.0,0.0,0.0,eod_reconciliation,,,,,,,173,966340,5585.7803,165,899210,-22443.7572,-24490.7572,-2.4352,-2.6573,OPEN
2026-06-11,2026-06-11T10:22:10,0253391,000430,SELL,8,5090,40720,0.0,81.0,81.0,eod_reconciliation,,,,,,,173,966340,5585.7803,173,939930,-26410.0,-28538.0,-2.7330,-2.9532,CLOSED
2026-06-11,2026-06-11T10:25:31,0258021,181710,BUY,1,39750,39750,0.0,0.0,0.0,eod_reconciliation,,,,,,,15,599600,39973.3333,14,559700,73.3333,-1162.6667,0.0131,-0.2078,OPEN
2026-06-11,2026-06-11T10:28:30,0261558,000430,BUY,10,5030,50300,0.0,0.0,0.0,eod_reconciliation,,,,,,,183,1016640,5555.4098,173,939930,-21155.9016,-23283.9016,-2.2012,-2.4227,OPEN
2026-06-11,2026-06-11T10:48:37,0283913,217590,BUY,16,24950,399200,50.0,0.0,50.0,eod_reconciliation,,,,,,,16,399200,24950.0,0,0,,,,,OPEN
2026-06-11,2026-06-11T10:48:37,0283922,217590,SELL,16,25050,400800,60.0,801.0,861.0,eod_reconciliation,,,,,,,16,399200,24950.0,16,400800,1600.0,689.0,0.4008,0.1726,CLOSED
2026-06-11,2026-06-11T10:51:47,0287061,001450,BUY,11,37400,411400,60.0,0.0,60.0,eod_reconciliation,,,,,,,11,411400,37400.0,0,0,,,,,OPEN
2026-06-11,2026-06-11T10:52:18,0287558,001450,SELL,11,37550,413050,60.0,825.0,885.0,eod_reconciliation,,,,,,,11,411400,37400.0,11,413050,1650.0,705.0,0.4011,0.1714,CLOSED
2026-06-11,2026-06-11T10:55:15,0290316,161390,BUY,3,72300,216900,30.0,0.0,30.0,eod_reconciliation,,,,,,,6,430200,71700.0,3,213900,-1200.0,-1716.0,-0.5579,-0.7978,OPEN
2026-06-11,2026-06-11T10:55:15,0290335,161390,SELL,3,72500,217500,30.0,434.0,464.0,eod_reconciliation,,,,,,,6,430200,71700.0,6,431400,1200.0,220.0,0.2789,0.0511,CLOSED
2026-06-11,2026-06-11T11:07:11,0302163,066570,BUY,1,212500,212500,30.0,0.0,30.0,eod_reconciliation,,,,,,,3,677000,225666.6667,2,466500,15166.6667,14085.6667,3.3604,3.1209,OPEN
2026-06-11,2026-06-11T11:07:12,0302170,066570,SELL,1,213500,213500,30.0,426.0,456.0,eod_reconciliation,,,,,,,3,677000,225666.6667,3,680000,3000.0,1463.0,0.4431,0.2161,CLOSED
2026-06-11,2026-06-11T11:16:52,0311969,035420,BUY,1,221500,221500,30.0,0.0,30.0,eod_reconciliation,,,,,,,2,457500,228750.0,1,222500,-6250.0,-6784.0,-2.7322,-2.9657,OPEN
2026-06-11,2026-06-11T11:16:53,0311976,035420,SELL,1,222500,222500,30.0,444.0,474.0,eod_reconciliation,,,,,,,2,457500,228750.0,2,445000,-12500.0,-13508.0,-2.7322,-2.9526,CLOSED
2026-06-11,2026-06-11T11:20:05,0315094,217590,BUY,9,24100,216900,30.0,0.0,30.0,eod_reconciliation,,,,,,,25,616100,24644.0,16,400800,6496.0,5555.0,1.6475,1.4088,OPEN
2026-06-11,2026-06-11T11:23:34,0318903,003160,BUY,5,28350,141750,20.0,0.0,20.0,eod_reconciliation,,,,,,,5,141750,28350.0,0,0,,,,,OPEN
2026-06-11,2026-06-11T11:23:34,0318912,003160,SELL,5,28500,142500,20.0,284.0,304.0,eod_reconciliation,,,,,,,5,141750,28350.0,5,142500,750.0,426.0,0.5291,0.3005,CLOSED
2026-06-11,2026-06-11T11:27:16,0322972,000430,SELL,10,4800,48000,0.0,96.0,96.0,eod_reconciliation,,,,,,,183,1016640,5555.4098,183,987930,-28710.0,-30934.0,-2.8240,-3.0428,CLOSED
2026-06-11,2026-06-11T11:30:41,0326354,499790,BUY,3,50200,150600,20.0,0.0,20.0,eod_reconciliation,,,,,,,6,305100,50850.0,3,155400,2850.0,2480.0,1.8682,1.6257,OPEN
2026-06-11,2026-06-11T11:30:41,0326361,499790,SELL,3,50600,151800,20.0,302.0,322.0,eod_reconciliation,,,,,,,6,305100,50850.0,6,307200,2100.0,1408.0,0.6883,0.4615,CLOSED
2026-06-11,2026-06-11T11:34:01,0329092,161390,BUY,1,71800,71800,10.0,0.0,10.0,eod_reconciliation,,,,,,,7,502000,71714.2857,6,431400,1114.2857,124.2857,0.2590,0.0289,OPEN
2026-06-11,2026-06-11T11:34:02,0329097,161390,SELL,1,72100,72100,10.0,144.0,154.0,eod_reconciliation,,,,,,,7,502000,71714.2857,7,503500,1500.0,356.0,0.2988,0.0709,CLOSED
2026-06-11,2026-06-11T11:37:24,0331932,120110,BUY,1,69200,69200,10.0,0.0,10.0,eod_reconciliation,,,,,,,9,616400,68488.8889,8,550400,2488.8889,1218.8889,0.4543,0.2225,OPEN
2026-06-11,2026-06-11T11:37:24,0331941,120110,SELL,1,69500,69500,10.0,138.0,148.0,eod_reconciliation,,,,,,,9,616400,68488.8889,9,619900,3500.0,2082.0,0.5678,0.3378,CLOSED
2026-06-11,2026-06-11T11:40:47,0335142,016380,BUY,9,5650,50850,0.0,0.0,0.0,eod_reconciliation,,,,,,,43,240120,5584.186,34,189950,87.6744,-307.3256,0.0462,-0.1619,OPEN
2026-06-11,2026-06-11T11:40:48,0335150,016380,SELL,9,5670,51030,0.0,101.0,101.0,eod_reconciliation,,,,,,,43,240120,5584.186,43,240980,860.0,364.0,0.3582,0.1516,CLOSED
2026-06-11,2026-06-11T11:48:00,0341294,010690,BUY,3,9880,29640,0.0,0.0,0.0,eod_reconciliation,,,,,,,3,29640,9880.0,0,0,,,,,OPEN
2026-06-11,2026-06-11T11:48:00,0341295,010690,SELL,3,9910,29730,0.0,56.0,56.0,eod_reconciliation,,,,,,,3,29640,9880.0,3,29730,90.0,34.0,0.3036,0.1147,CLOSED
2026-06-11,2026-06-11T11:59:43,0350338,120110,BUY,2,69600,139200,20.0,0.0,20.0,eod_reconciliation,,,,,,,11,755600,68690.9091,9,619900,1681.8182,243.8182,0.2720,0.0394,OPEN
2026-06-11,2026-06-11T11:59:44,0350344,120110,SELL,2,69900,139800,20.0,278.0,298.0,eod_reconciliation,,,,,,,11,755600,68690.9091,11,759700,4100.0,2364.0,0.5426,0.3129,CLOSED
2026-06-11,2026-06-11T12:03:49,0353425,475150,BUY,4,41000,164000,20.0,0.0,20.0,eod_reconciliation,,,,,,,4,164000,41000.0,0,0,,,,,OPEN
2026-06-11,2026-06-11T12:03:52,0353448,475150,SELL,4,41150,164600,20.0,328.0,348.0,eod_reconciliation,,,,,,,4,164000,41000.0,4,164600,600.0,232.0,0.3659,0.1415,CLOSED
2026-06-11,2026-06-11T12:08:00,0356603,161390,BUY,3,71300,213900,30.0,0.0,30.0,eod_reconciliation,,,,,,,10,715900,71590.0,7,503500,2370.0,1196.0,0.4729,0.2387,OPEN
2026-06-11,2026-06-11T12:08:01,0356609,161390,SELL,3,71600,214800,30.0,429.0,459.0,eod_reconciliation,,,,,,,10,715900,71590.0,10,718300,2400.0,767.0,0.3352,0.1071,CLOSED
2026-06-11,2026-06-11T12:12:06,0359628,003160,BUY,5,28100,140500,20.0,0.0,20.0,eod_reconciliation,,,,,,,10,282250,28225.0,5,142500,1375.0,1031.0,0.9743,0.7306,OPEN
2026-06-11,2026-06-11T12:12:07,0359631,003160,SELL,5,28200,141000,10.0,281.0,291.0,eod_reconciliation,,,,,,,10,282250,28225.0,10,283500,1250.0,615.0,0.4429,0.2179,CLOSED
2026-06-11,2026-06-11T12:12:58,0360228,181710,SELL,1,38200,38200,0.0,76.0,76.0,eod_reconciliation,,,,,,,15,599600,39973.3333,15,597900,-1700.0,-3012.0,-0.2835,-0.5023,CLOSED
2026-06-11,2026-06-11T12:13:55,0360958,217590,SELL,9,22750,204750,30.0,409.0,439.0,eod_reconciliation,,,,,,,25,616100,24644.0,25,605550,-10550.0,-11930.0,-1.7124,-1.9364,CLOSED
2026-06-11,2026-06-11T12:17:55,0363825,181710,BUY,4,38225,152900,20.0,0.0,20.0,eod_reconciliation,,,,,,,19,752500,39605.2632,15,597900,3821.0526,2489.0526,0.6432,0.4190,OPEN
2026-06-11,2026-06-11T12:17:55,0363830,181710,SELL,4,38400,153600,20.0,306.0,326.0,eod_reconciliation,,,,,,,19,752500,39605.2632,19,751500,-1000.0,-2658.0,-0.1329,-0.3532,CLOSED
2026-06-11,2026-06-11T12:29:13,0371457,010690,BUY,23,9900,227700,30.0,0.0,30.0,eod_reconciliation,,,,,,,26,257340,9897.6923,3,29730,36.9231,-49.0769,0.1243,-0.1653,OPEN
2026-06-11,2026-06-11T12:29:14,0371462,010690,SELL,23,9930,228390,10.0,447.0,457.0,eod_reconciliation,,,,,,,26,257340,9897.6923,26,258120,780.0,237.0,0.3031,0.0921,CLOSED
2026-06-11,2026-06-11T12:33:03,0374464,120110,BUY,3,71100,213300,30.0,0.0,30.0,eod_reconciliation,,,,,,,14,968900,69207.1429,11,759700,-1578.5714,-3344.5714,-0.2074,-0.4393,OPEN
2026-06-11,2026-06-11T12:33:04,0374471,120110,SELL,3,71400,214200,30.0,428.0,458.0,eod_reconciliation,,,,,,,14,968900,69207.1429,14,973900,5000.0,2776.0,0.5160,0.2865,CLOSED
2026-06-11,2026-06-11T12:40:32,0380545,181710,BUY,12,38525,462300,60.0,0.0,60.0,eod_reconciliation,,,,,,,31,1214800,39187.0968,19,751500,6945.1613,5227.1613,0.9328,0.7021,OPEN
2026-06-11,2026-06-11T12:40:32,0380563,181710,SELL,12,38800,465600,60.0,930.0,990.0,eod_reconciliation,,,,,,,31,1214800,39187.0968,31,1217100,2300.0,-408.0,0.1893,-0.0336,CLOSED
2026-06-11,2026-06-11T12:44:16,0383717,092200,BUY,49,9430,462070,60.0,0.0,60.0,eod_reconciliation,,,,,,,100,934740,9347.4,51,475430,-1287.4,-2383.4,-0.2701,-0.5000,OPEN
2026-06-11,2026-06-11T12:44:44,0384060,092200,SELL,49,9480,464520,60.0,928.0,988.0,eod_reconciliation,,,,,,,100,934740,9347.4,100,939950,5210.0,3126.0,0.5574,0.3344,CLOSED
2026-06-11,2026-06-11T12:51:54,0389959,181710,BUY,12,38775,465300,60.0,0.0,60.0,eod_reconciliation,,,,,,,43,1680100,39072.093,31,1217100,5865.1163,3097.1163,0.4842,0.2557,OPEN
2026-06-11,2026-06-11T12:51:54,0389965,181710,SELL,12,39050,468600,70.0,936.0,1006.0,eod_reconciliation,,,,,,,43,1680100,39072.093,43,1685700,5600.0,1826.0,0.3333,0.1087,CLOSED
2026-06-11,2026-06-11T12:58:24,0395121,000430,BUY,56,5000,280000,40.0,0.0,40.0,eod_reconciliation,,,,,,,239,1296640,5425.272,183,987930,-4894.7699,-7158.7699,-0.4930,-0.7211,OPEN
2026-06-11,2026-06-11T12:58:24,0395128,000430,SELL,56,5020,281120,40.0,561.0,601.0,eod_reconciliation,,,,,,,239,1296640,5425.272,239,1269050,-27590.0,-30455.0,-2.1278,-2.3488,CLOSED
2026-06-12,2026-06-12T09:33:28,0212130,285130,BUY,21,43800,919800,110.0,0.0,110.0,eod_reconciliation,386195,1751895,1751895,801034,-84.24301764400896,7.652805595090138,21,919800,43800.0,0,0,,,,,OPEN
2026-06-12,2026-06-12T09:33:30,0212236,285130,SELL,21,44200,928200,130.0,1855.0,1985.0,eod_reconciliation,386195,1751895,1751895,801034,-84.24301764400896,7.652805595090138,21,919800,43800.0,21,928200,8400.0,6305.0,0.9132,0.6855,CLOSED
2026-06-12,2026-06-12T09:39:04,0225710,000500,BUY,1,330500,330500,40.0,0.0,40.0,eod_reconciliation,386195,1751895,1751895,801034,-84.24301764400896,7.652805595090138,1,330500,330500.0,0,0,,,,,OPEN
2026-06-12,2026-06-12T09:43:30,0236154,062040,BUY,1,229500,229500,30.0,0.0,30.0,eod_reconciliation,386195,1751895,1751895,801034,-84.24301764400896,7.652805595090138,1,229500,229500.0,0,0,,,,,OPEN
2026-06-12,2026-06-12T09:43:31,0236161,062040,SELL,1,231000,231000,30.0,461.0,491.0,eod_reconciliation,386195,1751895,1751895,801034,-84.24301764400896,7.652805595090138,1,229500,229500.0,1,231000,1500.0,979.0,0.6536,0.4266,CLOSED
2026-06-12,2026-06-12T09:48:00,0245654,443060,BUY,1,254000,254000,30.0,0.0,30.0,eod_reconciliation,386195,1751895,1751895,801034,-84.24301764400896,7.652805595090138,1,254000,254000.0,0,0,,,,,OPEN
2026-06-12,2026-06-12T09:48:00,0245667,443060,SELL,1,255500,255500,30.0,510.0,540.0,eod_reconciliation,386195,1751895,1751895,801034,-84.24301764400896,7.652805595090138,1,254000,254000.0,1,255500,1500.0,930.0,0.5906,0.3661,CLOSED
2026-06-12,2026-06-12T09:52:37,0255298,001800,BUY,13,26800,348400,50.0,0.0,50.0,eod_reconciliation,386195,1751895,1751895,801034,-84.24301764400896,7.652805595090138,13,348400,26800.0,0,0,,,,,OPEN
2026-06-12,2026-06-12T09:57:35,0263971,192080,BUY,2,72300,144600,20.0,0.0,20.0,eod_reconciliation,386195,1751895,1751895,801034,-84.24301764400896,7.652805595090138,4,288600,72150.0,2,139400,-4900.0,-5236.0,-3.3957,-3.6286,OPEN
2026-06-12,2026-06-12T09:57:36,0263982,192080,SELL,2,72600,145200,20.0,289.0,309.0,eod_reconciliation,386195,1751895,1751895,801034,-84.24301764400896,7.652805595090138,4,288600,72150.0,4,284600,-4000.0,-4645.0,-1.3860,-1.6095,CLOSED
2026-06-12,2026-06-12T10:02:31,0273668,298050,BUY,1,202500,202500,30.0,0.0,30.0,eod_reconciliation,386195,1751895,1751895,801034,-84.24301764400896,7.652805595090138,1,202500,202500.0,0,0,,,,,OPEN
2026-06-12,2026-06-12T10:02:32,0273677,298050,SELL,1,203500,203500,30.0,406.0,436.0,eod_reconciliation,386195,1751895,1751895,801034,-84.24301764400896,7.652805595090138,1,202500,202500.0,1,203500,1000.0,534.0,0.4938,0.2637,CLOSED
2026-06-12,2026-06-12T10:07:20,0282029,051600,BUY,3,50000,150000,20.0,0.0,20.0,eod_reconciliation,386195,1751895,1751895,801034,-84.24301764400896,7.652805595090138,3,150000,50000.0,0,0,,,,,OPEN
2026-06-12,2026-06-12T10:07:20,0282033,051600,SELL,3,50200,150600,20.0,300.0,320.0,eod_reconciliation,386195,1751895,1751895,801034,-84.24301764400896,7.652805595090138,3,150000,50000.0,3,150600,600.0,260.0,0.4000,0.1733,CLOSED
2026-06-12,2026-06-12T10:12:18,0290327,078930,BUY,1,73000,73000,10.0,0.0,10.0,eod_reconciliation,386195,1751895,1751895,801034,-84.24301764400896,7.652805595090138,3,219400,73133.3333,2,147000,733.3333,390.3333,0.5014,0.2669,OPEN
2026-06-12,2026-06-12T10:12:18,0290334,078930,SELL,1,73400,73400,10.0,146.0,156.0,eod_reconciliation,386195,1751895,1751895,801034,-84.24301764400896,7.652805595090138,3,219400,73133.3333,3,220400,1000.0,501.0,0.4558,0.2284,CLOSED
2026-06-12,2026-06-12T10:17:14,0297406,014820,BUY,3,22100,66300,0.0,0.0,0.0,eod_reconciliation,386195,1751895,1751895,801034,-84.24301764400896,7.652805595090138,3,66300,22100.0,0,0,,,,,OPEN
2026-06-12,2026-06-12T10:17:14,0297409,014820,SELL,3,22250,66750,10.0,133.0,143.0,eod_reconciliation,386195,1751895,1751895,801034,-84.24301764400896,7.652805595090138,3,66300,22100.0,3,66750,450.0,307.0,0.6787,0.4630,CLOSED
2026-06-12,2026-06-12T10:21:44,0304876,181710,BUY,1,40200,40200,0.0,0.0,0.0,eod_reconciliation,386195,1751895,1751895,801034,-84.24301764400896,7.652805595090138,44,1720300,39097.7273,43,1685700,4497.7273,723.7273,0.2675,0.0430,OPEN
2026-06-12,2026-06-12T10:21:44,0304885,181710,SELL,1,40450,40450,0.0,80.0,80.0,eod_reconciliation,386195,1751895,1751895,801034,-84.24301764400896,7.652805595090138,44,1720300,39097.7273,44,1726150,5850.0,1996.0,0.3401,0.1160,CLOSED
2026-06-12,2026-06-12T10:26:31,0311861,017900,BUY,4,9300,37200,0.0,0.0,0.0,eod_reconciliation,386195,1751895,1751895,801034,-84.24301764400896,7.652805595090138,4,37200,9300.0,0,0,,,,,OPEN
2026-06-12,2026-06-12T10:26:33,0311925,017900,SELL,4,9340,37360,0.0,74.0,74.0,eod_reconciliation,386195,1751895,1751895,801034,-84.24301764400896,7.652805595090138,4,37200,9300.0,4,37360,160.0,86.0,0.4301,0.2312,CLOSED
2026-06-12,2026-06-12T10:28:05,0314279,000500,SELL,1,317000,317000,40.0,633.0,673.0,eod_reconciliation,386195,1751895,1751895,801034,-84.24301764400896,7.652805595090138,1,330500,330500.0,1,317000,-13500.0,-14213.0,-4.0847,-4.3005,CLOSED
2026-06-12,2026-06-12T10:34:10,0323602,120110,BUY,1,76300,76300,10.0,0.0,10.0,eod_reconciliation,386195,1751895,1751895,801034,-84.24301764400896,7.652805595090138,15,1045200,69680.0,14,973900,-1620.0,-3854.0,-0.1661,-0.3951,OPEN
2026-06-12,2026-06-12T10:34:11,0323612,120110,SELL,1,76700,76700,10.0,153.0,163.0,eod_reconciliation,386195,1751895,1751895,801034,-84.24301764400896,7.652805595090138,15,1045200,69680.0,15,1050600,5400.0,3003.0,0.5166,0.2873,CLOSED
2026-06-12,2026-06-12T10:39:35,0330966,028670,BUY,20,5190,103800,10.0,0.0,10.0,eod_reconciliation,386195,1751895,1751895,801034,-84.24301764400896,7.652805595090138,34,174640,5136.4706,14,71120,-790.5882,-961.5882,-1.0994,-1.3372,OPEN
2026-06-12,2026-06-12T10:39:35,0330979,028670,SELL,20,5210,104200,10.0,208.0,218.0,eod_reconciliation,386195,1751895,1751895,801034,-84.24301764400896,7.652805595090138,34,174640,5136.4706,34,175320,680.0,291.0,0.3894,0.1666,CLOSED
2026-06-12,2026-06-12T10:44:26,0337949,009970,BUY,1,188400,188400,20.0,0.0,20.0,eod_reconciliation,386195,1751895,1751895,801034,-84.24301764400896,7.652805595090138,1,188400,188400.0,0,0,,,,,OPEN
2026-06-12,2026-06-12T10:44:26,0337959,009970,SELL,1,189500,189500,20.0,378.0,398.0,eod_reconciliation,386195,1751895,1751895,801034,-84.24301764400896,7.652805595090138,1,188400,188400.0,1,189500,1100.0,682.0,0.5839,0.3620,CLOSED
2026-06-12,2026-06-12T10:49:15,0344439,085620,BUY,5,28000,140000,20.0,0.0,20.0,eod_reconciliation,386195,1751895,1751895,801034,-84.24301764400896,7.652805595090138,10,249750,24975.0,5,110500,-14375.0,-14635.0,-11.5115,-11.7197,OPEN
2026-06-12,2026-06-12T10:49:15,0344452,085620,SELL,5,28150,140750,20.0,281.0,301.0,eod_reconciliation,386195,1751895,1751895,801034,-84.24301764400896,7.652805595090138,10,249750,24975.0,10,251250,1500.0,939.0,0.6006,0.3760,CLOSED
2026-06-12,2026-06-12T10:54:37,0351531,018670,BUY,1,223500,223500,30.0,0.0,30.0,eod_reconciliation,386195,1751895,1751895,801034,-84.24301764400896,7.652805595090138,1,223500,223500.0,0,0,,,,,OPEN
2026-06-12,2026-06-12T10:54:37,0351549,018670,SELL,1,225000,225000,30.0,449.0,479.0,eod_reconciliation,386195,1751895,1751895,801034,-84.24301764400896,7.652805595090138,1,223500,223500.0,1,225000,1500.0,991.0,0.6711,0.4434,CLOSED
2026-06-12,2026-06-12T11:00:27,0358435,195870,BUY,3,79900,239700,30.0,0.0,30.0,eod_reconciliation,386195,1751895,1751895,801034,-84.24301764400896,7.652805595090138,4,316500,79125.0,1,77000,-2125.0,-2328.0,-2.6856,-2.9422,OPEN
2026-06-12,2026-06-12T11:00:38,0358653,195870,SELL,3,80100,240300,30.0,480.0,510.0,eod_reconciliation,386195,1751895,1751895,801034,-84.24301764400896,7.652805595090138,4,316500,79125.0,4,317300,800.0,87.0,0.2528,0.0275,CLOSED
2026-06-12,2026-06-12T11:05:38,0363796,499790,BUY,5,49800,249000,30.0,0.0,30.0,eod_reconciliation,386195,1751895,1751895,801034,-84.24301764400896,7.652805595090138,11,554100,50372.7273,6,307200,4963.6364,4241.6364,1.6423,1.4034,OPEN
2026-06-12,2026-06-12T11:11:17,0369642,020150,BUY,2,57700,115400,10.0,0.0,10.0,eod_reconciliation,386195,1751895,1751895,801034,-84.24301764400896,7.652805595090138,2,115400,57700.0,0,0,,,,,OPEN
2026-06-12,2026-06-12T11:22:45,0380315,003160,BUY,16,29750,476000,70.0,0.0,70.0,eod_reconciliation,386195,1751895,1751895,801034,-84.24301764400896,7.652805595090138,26,758250,29163.4615,10,283500,-8134.6154,-8839.6154,-2.7893,-3.0311,OPEN
2026-06-12,2026-06-12T11:22:45,0380320,003160,SELL,16,29850,477600,70.0,954.0,1024.0,eod_reconciliation,386195,1751895,1751895,801034,-84.24301764400896,7.652805595090138,26,758250,29163.4615,26,761100,2850.0,1121.0,0.3759,0.1478,CLOSED
2026-06-12,2026-06-12T11:28:28,0385975,195870,BUY,7,79000,553000,70.0,0.0,70.0,eod_reconciliation,386195,1751895,1751895,801034,-84.24301764400896,7.652805595090138,11,869500,79045.4545,4,317300,1118.1818,335.1818,0.3537,0.1060,OPEN
2026-06-12,2026-06-12T11:28:34,0386081,195870,SELL,7,79300,555100,80.0,1109.0,1189.0,eod_reconciliation,386195,1751895,1751895,801034,-84.24301764400896,7.652805595090138,11,869500,79045.4545,11,872400,2900.0,928.0,0.3335,0.1067,CLOSED
2026-06-12,2026-06-12T11:33:23,0390431,014830,BUY,8,70900,567200,80.0,0.0,80.0,eod_reconciliation,386195,1751895,1751895,801034,-84.24301764400896,7.652805595090138,8,567200,70900.0,0,0,,,,,OPEN
2026-06-12,2026-06-12T11:38:19,0394575,120110,BUY,4,76400,305600,40.0,0.0,40.0,eod_reconciliation,386195,1751895,1751895,801034,-84.24301764400896,7.652805595090138,19,1350800,71094.7368,15,1050600,-15821.0526,-18258.0526,-1.4836,-1.7121,OPEN
2026-06-12,2026-06-12T11:38:23,0394637,120110,SELL,4,76700,306800,40.0,612.0,652.0,eod_reconciliation,386195,1751895,1751895,801034,-84.24301764400896,7.652805595090138,19,1350800,71094.7368,19,1357400,6600.0,3511.0,0.4886,0.2599,CLOSED
2026-06-12,2026-06-12T11:44:13,0399380,181710,BUY,5,40390,201950,20.0,0.0,20.0,eod_reconciliation,386195,1751895,1751895,801034,-84.24301764400896,7.652805595090138,49,1922250,39229.5918,44,1726150,47.9592,-3826.0408,0.0028,-0.2217,OPEN
2026-06-12,2026-06-12T11:44:13,0399381,181710,SELL,5,40600,203000,10.0,402.0,412.0,eod_reconciliation,386195,1751895,1751895,801034,-84.24301764400896,7.652805595090138,49,1922250,39229.5918,49,1929150,6900.0,2614.0,0.3590,0.1360,CLOSED
2026-06-12,2026-06-12T11:55:30,0407229,025540,BUY,3,75100,225300,30.0,0.0,30.0,eod_reconciliation,386195,1751895,1751895,801034,-84.24301764400896,7.652805595090138,3,225300,75100.0,0,0,,,,,OPEN
2026-06-12,2026-06-12T12:01:25,0412550,030200,BUY,3,56900,170700,20.0,0.0,20.0,eod_reconciliation,386195,1751895,1751895,801034,-84.24301764400896,7.652805595090138,3,170700,56900.0,0,0,,,,,OPEN
2026-06-12,2026-06-12T12:07:35,0417647,195870,BUY,1,80300,80300,10.0,0.0,10.0,eod_reconciliation,386195,1751895,1751895,801034,-84.24301764400896,7.652805595090138,12,949800,79150.0,11,872400,1750.0,-232.0,0.2010,-0.0266,OPEN
2026-06-12,2026-06-12T12:07:36,0417653,195870,SELL,1,80700,80700,10.0,161.0,171.0,eod_reconciliation,386195,1751895,1751895,801034,-84.24301764400896,7.652805595090138,12,949800,79150.0,12,953100,3300.0,1147.0,0.3474,0.1208,CLOSED
2026-06-12,2026-06-12T12:13:16,0421678,081660,BUY,1,44100,44100,0.0,0.0,0.0,eod_reconciliation,386195,1751895,1751895,801034,-84.24301764400896,7.652805595090138,1,44100,44100.0,0,0,,,,,OPEN
2026-06-12,2026-06-12T12:13:16,0421684,081660,SELL,1,44300,44300,0.0,88.0,88.0,eod_reconciliation,386195,1751895,1751895,801034,-84.24301764400896,7.652805595090138,1,44100,44100.0,1,44300,200.0,112.0,0.4535,0.2540,CLOSED
2026-06-12,2026-06-12T12:19:38,0425574,100840,BUY,4,34100,136400,20.0,0.0,20.0,eod_reconciliation,386195,1751895,1751895,801034,-84.24301764400896,7.652805595090138,4,136400,34100.0,0,0,,,,,OPEN
2026-06-12,2026-06-12T12:19:39,0425578,100840,SELL,4,34200,136800,20.0,273.0,293.0,eod_reconciliation,386195,1751895,1751895,801034,-84.24301764400896,7.652805595090138,4,136400,34100.0,4,136800,400.0,87.0,0.2933,0.0638,CLOSED
2026-06-12,2026-06-12T12:25:55,0430183,120110,BUY,1,75900,75900,10.0,0.0,10.0,eod_reconciliation,386195,1751895,1751895,801034,-84.24301764400896,7.652805595090138,20,1426700,71335.0,19,1357400,2035.0,-1064.0,0.1501,-0.0785,OPEN
2026-06-12,2026-06-12T12:25:55,0430191,120110,SELL,1,76200,76200,10.0,152.0,162.0,eod_reconciliation,386195,1751895,1751895,801034,-84.24301764400896,7.652805595090138,20,1426700,71335.0,20,1433600,6900.0,3639.0,0.4836,0.2551,CLOSED
2026-06-12,2026-06-12T12:31:56,0434905,081660,BUY,3,44450,133350,20.0,0.0,20.0,eod_reconciliation,386195,1751895,1751895,801034,-84.24301764400896,7.652805595090138,4,177450,44362.5,1,44300,-62.5,-170.5,-0.1409,-0.3843,OPEN
2026-06-12,2026-06-12T12:31:56,0434912,081660,SELL,3,44600,133800,20.0,266.0,286.0,eod_reconciliation,386195,1751895,1751895,801034,-84.24301764400896,7.652805595090138,4,177450,44362.5,4,178100,650.0,256.0,0.3663,0.1443,CLOSED
2026-06-12,2026-06-12T12:38:44,0439643,009420,BUY,1,53250,53250,0.0,0.0,0.0,eod_reconciliation,386195,1751895,1751895,801034,-84.24301764400896,7.652805595090138,8,406150,50768.75,7,352800,-2581.25,-3366.25,-0.7263,-0.9472,OPEN
2026-06-12,2026-06-12T12:38:44,0439648,009420,SELL,1,53600,53600,0.0,106.0,106.0,eod_reconciliation,386195,1751895,1751895,801034,-84.24301764400896,7.652805595090138,8,406150,50768.75,8,406400,250.0,-641.0,0.0616,-0.1578,CLOSED
2026-06-12,2026-06-12T12:45:18,0443726,103140,BUY,1,74900,74900,10.0,0.0,10.0,eod_reconciliation,386195,1751895,1751895,801034,-84.24301764400896,7.652805595090138,1,74900,74900.0,0,0,,,,,OPEN
2026-06-12,2026-06-12T12:45:19,0443732,103140,SELL,1,75200,75200,10.0,149.0,159.0,eod_reconciliation,386195,1751895,1751895,801034,-84.24301764400896,7.652805595090138,1,74900,74900.0,1,75200,300.0,131.0,0.4005,0.1749,CLOSED
2026-06-12,2026-06-12T12:51:47,0448477,009420,BUY,2,53250,106500,10.0,0.0,10.0,eod_reconciliation,386195,1751895,1751895,801034,-84.24301764400896,7.652805595090138,10,512650,51265.0,8,406400,-3720.0,-4621.0,-0.9071,-1.1267,OPEN
2026-06-12,2026-06-12T12:51:47,0448483,009420,SELL,2,53600,107200,10.0,213.0,223.0,eod_reconciliation,386195,1751895,1751895,801034,-84.24301764400896,7.652805595090138,10,512650,51265.0,10,513600,950.0,-174.0,0.1853,-0.0339,CLOSED
2026-06-12,2026-06-12T12:58:32,0452633,000430,BUY,23,5240,120520,10.0,0.0,10.0,eod_reconciliation,386195,1751895,1751895,801034,-84.24301764400896,7.652805595090138,262,1417160,5409.0076,239,1269050,-23702.8244,-26577.8244,-1.8335,-2.0559,OPEN
2026-06-12,2026-06-12T12:58:32,0452638,000430,SELL,23,5260,120980,10.0,241.0,251.0,eod_reconciliation,386195,1751895,1751895,801034,-84.24301764400896,7.652805595090138,262,1417160,5409.0076,262,1390030,-27130.0,-30256.0,-1.9144,-2.1350,CLOSED
2026-06-12,2026-06-12T13:05:08,0458159,085620,BUY,3,29100,87300,10.0,0.0,10.0,eod_reconciliation,386195,1751895,1751895,801034,-84.24301764400896,7.652805595090138,13,337050,25926.9231,10,251250,-8019.2308,-8590.2308,-3.0930,-3.3132,OPEN
2026-06-12,2026-06-12T13:05:11,0458195,085620,SELL,3,29200,87600,10.0,174.0,184.0,eod_reconciliation,386195,1751895,1751895,801034,-84.24301764400896,7.652805595090138,13,337050,25926.9231,13,338850,1800.0,1045.0,0.5340,0.3100,CLOSED
2026-06-12,2026-06-12T14:09:54,0518466,020150,SELL,2,55600,111200,10.0,221.0,231.0,eod_reconciliation,386195,1751895,1751895,801034,-84.24301764400896,7.652805595090138,2,115400,57700.0,2,111200,-4200.0,-4441.0,-3.6395,-3.8484,CLOSED
2026-06-12,2026-06-12T14:58:48,0577635,030200,SELL,3,54900,164700,20.0,329.0,349.0,eod_reconciliation,386195,1751895,1751895,801034,-84.24301764400896,7.652805595090138,3,170700,56900.0,3,164700,-6000.0,-6369.0,-3.5149,-3.7311,CLOSED
2026-06-12,2026-06-12T15:02:13,0581907,001800,SELL,13,26650,346450,40.0,690.0,730.0,eod_reconciliation,386195,1751895,1751895,801034,-84.24301764400896,7.652805595090138,13,348400,26800.0,13,346450,-1950.0,-2730.0,-0.5597,-0.7836,CLOSED
2026-06-12,2026-06-12T15:02:18,0581988,014830,SELL,8,69800,558400,80.0,1116.0,1196.0,eod_reconciliation,386195,1751895,1751895,801034,-84.24301764400896,7.652805595090138,8,567200,70900.0,8,558400,-8800.0,-10076.0,-1.5515,-1.7764,CLOSED
2026-06-12,2026-06-12T15:02:29,0582223,025540,SELL,3,73100,219300,30.0,435.0,465.0,eod_reconciliation,386195,1751895,1751895,801034,-84.24301764400896,7.652805595090138,3,225300,75100.0,3,219300,-6000.0,-6495.0,-2.6631,-2.8828,CLOSED
2026-06-12,2026-06-12T15:02:36,0582366,499790,SELL,5,48350,241750,30.0,482.0,512.0,eod_reconciliation,386195,1751895,1751895,801034,-84.24301764400896,7.652805595090138,11,554100,50372.7273,11,548950,-5150.0,-6384.0,-0.9294,-1.1521,CLOSED
2026-06-12,2026-06-12T15:03:12.755851,0407238,025540,SELL,3,75400,226200,33.93,407.16,441.09000000000003,sell_reconciliation,386195,1751895,1751895,801034,-84.24301764400896,7.652805595090138,3,225300,75100.0,6,445500,220200.0,219263.91,97.7364,97.3209,CLOSED
2026-06-15,2026-06-15T09:34:51,0208326,005090,BUY,5,55800,279000,40.0,0.0,40.0,wait_buy_filled,915582,915582,915582,0,0.0,4.632564609509336,30,1548250,51608.3333,25,1279300,-10908.3333,-13796.3333,-0.8455,-1.0693,OPEN
2026-06-15,2026-06-15T09:35:02,0208820,001120,BUY,7,40000,280000,40.0,0.0,40.0,wait_buy_filled,915582,915582,915582,0,0.0,4.632564609509336,7,280000,40000.0,0,0,,,,,OPEN
2026-06-15,2026-06-15T09:42:50,0225920,120110,BUY,4,75100,300400,40.0,0.0,40.0,wait_buy_filled,691659,1249809,1249809,334227,-36.504321841189544,4.632564609509336,24,1727100,71962.5,20,1433600,-5650.0,-8951.0,-0.3926,-0.6219,OPEN
2026-06-15,2026-06-15T09:35:11,0209194,001120,SELL,7,40150,281050,42.1575,505.89,548.0475,poll,683902,1539202,1539202,623620,-68.1118676426579,4.632564609509336,7,280000,40000.0,7,281050,1050.0,461.9525,0.3750,0.1650,CLOSED
2026-06-15,2026-06-15T09:53:28,0244592,499790,BUY,2,48950,97900,10.0,0.0,10.0,partial_after_cancel,683902,1258702,1258702,343120,-37.475616602336,4.632564609509336,13,652000,50153.8462,11,548950,-2742.3077,-3986.3077,-0.4971,-0.7226,OPEN
2026-06-15,2026-06-15T09:54:00,0245474,499790,SELL,1,49250,49250,7.3875,88.65,96.03750000000001,poll,683902,1258702,1258702,343120,-37.475616602336,4.632564609509336,13,652000,50153.8462,12,598200,-3646.1538,-4986.1913,-0.6058,-0.8285,OPEN
2026-06-15,2026-06-15T09:54:00,0245474,499790,SELL,1,49250,49250,7.3875,88.65,96.03750000000001,poll,605954,1476254,1476254,560672,-61.23667787265368,5.079631986725137,13,652000,50153.8462,13,647450,-4550.0,-5986.075,-0.6979,-0.9181,CLOSED
2026-06-15,2026-06-15T09:53:28,0244592,499790,BUY,4,48950,195800,29.37,0.0,29.37,poll,605954,1476254,1476254,560672,-61.23667787265368,5.079631986725137,17,847800,49870.5882,13,647450,-867.6471,-2333.0921,-0.1338,-0.3599,OPEN
2026-06-15,2026-06-15T10:51:55,0325434,005090,SELL,5,53300,266500,30.0,532.0,562.0,stop_loss,605954,1367154,1367154,451572,-49.320759910089976,5.079631986725137,30,1548250,51608.3333,30,1545800,-2450.0,-5900.0,-0.1582,-0.3811,CLOSED
2026-06-15,2026-06-15T10:58:01,0332009,005090,BUY,5,53200,266000,30.0,0.0,30.0,wait_buy_filled,704442,1194642,1194642,279060,-30.47897402963361,5.079631986725137,35,1814250,51835.7143,30,1545800,-9271.4286,-12751.4286,-0.5962,-0.8200,OPEN
2026-06-15,2026-06-15T10:58:01,0332016,005090,SELL,5,53600,268000,40.2,482.4,522.6,poll,598042,1356242,1356242,440660,-48.12894967354098,5.0492268225249255,35,1814250,51835.7143,35,1813800,-450.0,-4452.6,-0.0248,-0.2454,CLOSED
2026-06-15,2026-06-15T11:29:05,0364687,181710,BUY,7,39300,275100,40.0,0.0,40.0,wait_buy_filled,705825,1196025,1196025,280443,-30.63002549198215,5.0492268225249255,56,2197350,39238.3929,49,1929150,6468.75,2142.75,0.3364,0.1114,OPEN
